id,congruence,correct,rt
1v24kyhs,incongruent,0,0.028
1v24kyhs,incongruent,0,0.0
1v24kyhs,incongruent,1,0.975
1v24kyhs,congruent,1,1.308
1v24kyhs,congruent,0,0.0
1v24kyhs,incongruent,1,1.093
1v24kyhs,incongruent,0,1.345
1v24kyhs,congruent,1,1.221
1v24kyhs,congruent,1,1.585
1v24kyhs,congruent,1,1.298
1v24kyhs,incongruent,0,0.683
1v24kyhs,incongruent,0,0.0
1v24kyhs,incongruent,1,0.584
1v24kyhs,incongruent,1,0.435
1v24kyhs,incongruent,1,0.729
1v24kyhs,incongruent,1,1.142
1v24kyhs,congruent,1,0.613
1v24kyhs,incongruent,0,0.664
1v24kyhs,incongruent,0,0.669
1v24kyhs,incongruent,0,0.576
1v24kyhs,incongruent,0,0.566
1v24kyhs,incongruent,0,0.555
1v24kyhs,congruent,0,0.816
1v24kyhs,incongruent,1,0.627
1v24kyhs,incongruent,0,0.731
1v24kyhs,incongruent,0,0.587
1v24kyhs,incongruent,0,0.512
1v24kyhs,incongruent,0,0.673
1v24kyhs,incongruent,1,1.361
1v24kyhs,incongruent,0,0.665
1v24kyhs,incongruent,0,0.579
1v24kyhs,incongruent,0,0.493
1v24kyhs,congruent,0,0.408
1v24kyhs,incongruent,0,0.602
1v24kyhs,incongruent,0,0.645
1v24kyhs,incongruent,0,0.558
1v24kyhs,incongruent,1,1.358
1v24kyhs,incongruent,0,0.537
1v24kyhs,incongruent,0,0.561
1v24kyhs,incongruent,1,1.222
1v24kyhs,congruent,1,0.506
1v24kyhs,incongruent,1,1.013
1v24kyhs,incongruent,1,0.694
1v24kyhs,congruent,1,0.831
1v24kyhs,incongruent,0,0.57
1v24kyhs,incongruent,0,0.557
1v24kyhs,incongruent,0,0.474
1v24kyhs,incongruent,1,0.512
1v24kyhs,incongruent,0,0.581
1v24kyhs,incongruent,1,0.487
1v24kyhs,incongruent,0,0.754
1v24kyhs,incongruent,0,0.418
1v24kyhs,incongruent,0,0.412
1v24kyhs,incongruent,1,0.631
1v24kyhs,incongruent,0,0.44
1v24kyhs,incongruent,0,0.428
1v24kyhs,incongruent,1,0.755
1v24kyhs,incongruent,0,0.451
1v24kyhs,incongruent,0,0.612
1v24kyhs,incongruent,0,0.628
2jp4ppt2,incongruent,0,0.939
2jp4ppt2,congruent,1,0.662
2jp4ppt2,incongruent,1,0.629
2jp4ppt2,congruent,1,0.819
2jp4ppt2,incongruent,1,0.929
2jp4ppt2,incongruent,0,0.837
2jp4ppt2,incongruent,0,0.748
2jp4ppt2,incongruent,1,0.678
2jp4ppt2,incongruent,0,0.686
2jp4ppt2,incongruent,0,0.808
2jp4ppt2,incongruent,0,0.632
2jp4ppt2,incongruent,0,0.875
2jp4ppt2,incongruent,1,0.599
2jp4ppt2,incongruent,0,0.826
2jp4ppt2,congruent,1,1.149
2jp4ppt2,incongruent,0,0.713
2jp4ppt2,incongruent,0,0.797
2jp4ppt2,incongruent,0,0.87
2jp4ppt2,incongruent,1,0.754
2jp4ppt2,incongruent,0,0.806
2jp4ppt2,incongruent,1,1.016
2jp4ppt2,congruent,1,1.199
2jp4ppt2,incongruent,1,0.744
2jp4ppt2,incongruent,0,0.669
2jp4ppt2,incongruent,0,0.7
2jp4ppt2,incongruent,0,1.011
2jp4ppt2,incongruent,1,0.809
2jp4ppt2,congruent,0,0.647
2jp4ppt2,incongruent,1,0.635
2jp4ppt2,incongruent,0,1.111
2jp4ppt2,incongruent,0,0.695
2jp4ppt2,incongruent,0,0.797
2jp4ppt2,incongruent,0,0.639
2jp4ppt2,incongruent,1,0.766
2jp4ppt2,incongruent,0,0.629
2jp4ppt2,incongruent,0,0.534
2jp4ppt2,incongruent,1,0.706
2jp4ppt2,congruent,0,0.641
2jp4ppt2,incongruent,0,0.675
2jp4ppt2,incongruent,0,0.649
2jp4ppt2,incongruent,0,0.799
2jp4ppt2,incongruent,0,0.702
2jp4ppt2,incongruent,0,0.496
2jp4ppt2,incongruent,0,0.488
2jp4ppt2,incongruent,0,0.465
2jp4ppt2,congruent,0,0.497
2jp4ppt2,incongruent,0,0.517
2jp4ppt2,incongruent,0,0.598
2jp4ppt2,incongruent,0,0.618
2jp4ppt2,incongruent,0,0.574
2jp4ppt2,incongruent,0,0.585
2jp4ppt2,incongruent,0,0.944
2jp4ppt2,congruent,1,0.904
2jp4ppt2,incongruent,0,0.512
2jp4ppt2,incongruent,0,0.769
2jp4ppt2,incongruent,0,0.76
2jp4ppt2,incongruent,1,0.692
2jp4ppt2,incongruent,0,0.655
2jp4ppt2,congruent,0,0.814
2jp4ppt2,congruent,1,0.621
3ofn5wde,incongruent,0,0.0
3ofn5wde,incongruent,0,0.948
3ofn5wde,congruent,1,0.687
3ofn5wde,congruent,1,0.601
3ofn5wde,incongruent,0,0.699
3ofn5wde,incongruent,0,0.608
3ofn5wde,incongruent,1,0.657
3ofn5wde,congruent,1,0.826
3ofn5wde,congruent,1,0.653
3ofn5wde,congruent,1,0.836
3ofn5wde,incongruent,1,0.717
3ofn5wde,incongruent,0,0.792
3ofn5wde,incongruent,0,0.742
3ofn5wde,incongruent,0,0.876
3ofn5wde,incongruent,0,0.805
3ofn5wde,congruent,1,0.873
3ofn5wde,incongruent,0,0.942
3ofn5wde,incongruent,1,0.93
3ofn5wde,incongruent,0,0.706
3ofn5wde,incongruent,1,0.78
3ofn5wde,incongruent,1,0.682
3ofn5wde,incongruent,0,0.579
3ofn5wde,incongruent,0,0.985
3ofn5wde,incongruent,0,0.946
3ofn5wde,incongruent,0,0.626
3ofn5wde,incongruent,1,0.679
3ofn5wde,congruent,1,0.74
3ofn5wde,incongruent,0,0.865
3ofn5wde,incongruent,0,0.951
3ofn5wde,incongruent,1,1.267
3ofn5wde,incongruent,0,0.64
3ofn5wde,incongruent,0,0.907
3ofn5wde,incongruent,0,0.702
3ofn5wde,incongruent,0,0.685
3ofn5wde,incongruent,0,0.608
3ofn5wde,incongruent,0,0.996
3ofn5wde,incongruent,1,0.682
3ofn5wde,incongruent,0,0.664
3ofn5wde,incongruent,1,0.951
3ofn5wde,incongruent,0,0.549
3ofn5wde,congruent,1,0.569
3ofn5wde,incongruent,1,0.659
3ofn5wde,incongruent,0,0.701
3ofn5wde,incongruent,1,0.791
3ofn5wde,incongruent,1,0.732
3ofn5wde,incongruent,0,0.553
3ofn5wde,incongruent,1,0.667
3ofn5wde,incongruent,0,0.904
3ofn5wde,incongruent,0,0.797
3ofn5wde,incongruent,1,0.605
3ofn5wde,incongruent,0,0.745
3ofn5wde,congruent,1,0.687
3ofn5wde,incongruent,0,0.546
3ofn5wde,incongruent,0,0.611
3ofn5wde,incongruent,0,0.653
3ofn5wde,congruent,1,0.608
3ofn5wde,incongruent,1,0.723
3ofn5wde,incongruent,1,0.694
3ofn5wde,incongruent,0,0.573
3ofn5wde,incongruent,0,0.725
4hgpolkf,incongruent,0,0.0
4hgpolkf,incongruent,1,1.505
4hgpolkf,incongruent,0,1.15
4hgpolkf,incongruent,0,0.72
4hgpolkf,incongruent,0,0.622
4hgpolkf,congruent,1,0.561
4hgpolkf,congruent,1,0.64
4hgpolkf,incongruent,1,0.562
4hgpolkf,incongruent,1,0.615
4hgpolkf,incongruent,0,0.545
4hgpolkf,incongruent,0,0.704
4hgpolkf,incongruent,0,0.938
4hgpolkf,incongruent,1,1.081
4hgpolkf,congruent,0,0.735
4hgpolkf,incongruent,0,0.754
4hgpolkf,incongruent,1,1.372
4hgpolkf,congruent,1,1.379
4hgpolkf,incongruent,0,0.85
4hgpolkf,incongruent,0,1.111
4hgpolkf,incongruent,0,0.751
4hgpolkf,incongruent,0,0.59
4hgpolkf,incongruent,0,0.554
4hgpolkf,incongruent,0,1.273
4hgpolkf,incongruent,0,1.389
4hgpolkf,incongruent,0,0.893
4hgpolkf,incongruent,1,1.436
4hgpolkf,incongruent,0,0.0
4hgpolkf,incongruent,0,0.773
4hgpolkf,incongruent,0,0.621
4hgpolkf,incongruent,0,0.858
4hgpolkf,incongruent,0,0.702
4hgpolkf,incongruent,0,1.141
4hgpolkf,incongruent,0,0.611
4hgpolkf,incongruent,0,0.733
4hgpolkf,incongruent,0,0.576
4hgpolkf,incongruent,0,0.672
4hgpolkf,congruent,0,0.443
4hgpolkf,incongruent,1,0.585
4hgpolkf,incongruent,0,0.766
4hgpolkf,incongruent,0,0.541
4hgpolkf,incongruent,0,0.553
4hgpolkf,incongruent,1,0.703
4hgpolkf,incongruent,0,0.603
4hgpolkf,incongruent,1,0.773
4hgpolkf,incongruent,0,0.674
4hgpolkf,incongruent,1,0.627
4hgpolkf,congruent,0,0.461
4hgpolkf,congruent,1,0.856
4hgpolkf,congruent,0,0.66
4hgpolkf,incongruent,0,0.513
4hgpolkf,incongruent,0,0.739
4hgpolkf,incongruent,1,0.793
4hgpolkf,incongruent,0,0.813
4hgpolkf,incongruent,0,0.47
4hgpolkf,congruent,0,0.618
4hgpolkf,congruent,0,1.017
4hgpolkf,incongruent,0,0.567
4hgpolkf,incongruent,0,0.975
4hgpolkf,incongruent,0,0.0
4hgpolkf,incongruent,0,0.297
66o3mn1h,congruent,1,1.25
66o3mn1h,incongruent,0,0.0
66o3mn1h,incongruent,0,0.873
66o3mn1h,incongruent,0,0.717
66o3mn1h,incongruent,0,0.852
66o3mn1h,incongruent,0,0.761
66o3mn1h,incongruent,1,0.744
66o3mn1h,incongruent,0,1.009
66o3mn1h,congruent,1,0.848
66o3mn1h,incongruent,0,0.85
66o3mn1h,incongruent,1,1.494
66o3mn1h,congruent,0,1.283
66o3mn1h,incongruent,0,1.332
66o3mn1h,incongruent,1,0.943
66o3mn1h,incongruent,0,1.02
66o3mn1h,incongruent,0,1.071
66o3mn1h,congruent,1,1.146
66o3mn1h,incongruent,0,0.0
66o3mn1h,incongruent,0,1.046
66o3mn1h,incongruent,1,0.787
66o3mn1h,incongruent,1,1.295
66o3mn1h,congruent,1,0.934
66o3mn1h,incongruent,0,0.838
66o3mn1h,incongruent,0,0.708
66o3mn1h,incongruent,1,0.971
66o3mn1h,incongruent,0,0.758
66o3mn1h,incongruent,0,0.0
66o3mn1h,incongruent,0,1.231
66o3mn1h,incongruent,0,0.647
66o3mn1h,incongruent,0,0.813
66o3mn1h,incongruent,1,0.829
66o3mn1h,incongruent,0,1.303
66o3mn1h,incongruent,0,0.746
66o3mn1h,incongruent,0,1.332
66o3mn1h,incongruent,0,0.965
66o3mn1h,incongruent,0,1.09
66o3mn1h,incongruent,0,0.0
66o3mn1h,incongruent,1,0.906
66o3mn1h,incongruent,0,0.785
66o3mn1h,incongruent,0,0.975
66o3mn1h,incongruent,0,1.057
66o3mn1h,congruent,1,1.347
66o3mn1h,incongruent,0,0.85
66o3mn1h,congruent,0,0.0
66o3mn1h,congruent,0,0.666
66o3mn1h,incongruent,0,0.737
66o3mn1h,incongruent,0,1.408
66o3mn1h,incongruent,0,0.926
66o3mn1h,incongruent,1,0.771
66o3mn1h,congruent,0,0.0
66o3mn1h,incongruent,0,0.633
66o3mn1h,incongruent,0,0.849
66o3mn1h,congruent,1,1.202
66o3mn1h,incongruent,0,0.73
66o3mn1h,incongruent,0,0.892
66o3mn1h,incongruent,0,0.758
66o3mn1h,incongruent,1,1.361
66o3mn1h,incongruent,0,0.735
66o3mn1h,incongruent,0,1.164
66o3mn1h,incongruent,0,0.694
6ipwu4mk,incongruent,0,0.0
6ipwu4mk,incongruent,0,0.0
6ipwu4mk,incongruent,0,0.813
6ipwu4mk,incongruent,0,0.0
6ipwu4mk,incongruent,0,1.43
6ipwu4mk,incongruent,0,0.0
6ipwu4mk,incongruent,0,0.0
6ipwu4mk,incongruent,0,0.0
6ipwu4mk,incongruent,0,1.512
6ipwu4mk,congruent,0,1.384
6ipwu4mk,congruent,0,0.0
6ipwu4mk,incongruent,0,1.427
6ipwu4mk,incongruent,0,0.0
6ipwu4mk,congruent,0,0.0
6ipwu4mk,congruent,0,0.0
6ipwu4mk,congruent,1,0.492
6ipwu4mk,incongruent,1,1.412
6ipwu4mk,incongruent,0,0.0
6ipwu4mk,incongruent,0,0.841
6ipwu4mk,incongruent,0,0.903
6ipwu4mk,incongruent,0,0.833
6ipwu4mk,incongruent,0,0.0
6ipwu4mk,incongruent,1,0.967
6ipwu4mk,incongruent,0,0.0
6ipwu4mk,incongruent,1,0.922
6ipwu4mk,incongruent,0,1.29
6ipwu4mk,incongruent,0,0.988
6ipwu4mk,incongruent,0,1.104
6ipwu4mk,incongruent,0,0.0
6ipwu4mk,congruent,0,0.0
6ipwu4mk,congruent,1,0.854
6ipwu4mk,incongruent,0,0.809
6ipwu4mk,incongruent,0,0.906
6ipwu4mk,incongruent,1,0.932
6ipwu4mk,incongruent,0,1.277
6ipwu4mk,incongruent,0,0.814
6ipwu4mk,incongruent,0,1.234
6ipwu4mk,incongruent,1,1.388
6ipwu4mk,congruent,0,0.837
6ipwu4mk,incongruent,0,0.869
6ipwu4mk,incongruent,0,0.603
6ipwu4mk,incongruent,0,0.843
6ipwu4mk,incongruent,0,0.76
6ipwu4mk,incongruent,0,0.492
6ipwu4mk,incongruent,0,0.61
6ipwu4mk,incongruent,0,0.637
6ipwu4mk,incongruent,1,0.703
6ipwu4mk,incongruent,0,0.649
6ipwu4mk,congruent,0,0.623
6ipwu4mk,incongruent,0,0.5
6ipwu4mk,incongruent,0,0.64
6ipwu4mk,incongruent,0,0.629
6ipwu4mk,congruent,0,0.733
6ipwu4mk,incongruent,0,0.478
6ipwu4mk,incongruent,0,0.593
6ipwu4mk,incongruent,0,0.62
6ipwu4mk,incongruent,0,0.879
6ipwu4mk,incongruent,1,0.546
6ipwu4mk,incongruent,1,0.66
6ipwu4mk,incongruent,0,0.57
71f898fp,incongruent,0,0.989
71f898fp,incongruent,0,0.994
71f898fp,incongruent,1,1.25
71f898fp,incongruent,1,1.354
71f898fp,incongruent,0,1.262
71f898fp,congruent,1,0.822
71f898fp,incongruent,0,0.915
71f898fp,incongruent,1,1.407
71f898fp,incongruent,0,0.783
71f898fp,incongruent,0,0.861
71f898fp,incongruent,0,0.954
71f898fp,incongruent,0,1.037
71f898fp,incongruent,0,1.009
71f898fp,incongruent,0,1.044
71f898fp,incongruent,0,1.051
71f898fp,incongruent,0,0.911
71f898fp,incongruent,0,0.951
71f898fp,incongruent,0,0.751
71f898fp,incongruent,0,0.895
71f898fp,incongruent,0,0.699
71f898fp,incongruent,0,0.759
71f898fp,congruent,0,0.71
71f898fp,congruent,0,1.031
71f898fp,incongruent,0,1.132
71f898fp,incongruent,0,0.874
71f898fp,incongruent,0,0.73
71f898fp,incongruent,0,0.664
71f898fp,incongruent,0,1.093
71f898fp,congruent,0,0.649
71f898fp,incongruent,0,0.756
71f898fp,incongruent,0,0.73
71f898fp,incongruent,0,0.851
71f898fp,incongruent,0,0.641
71f898fp,congruent,1,0.92
71f898fp,incongruent,0,0.665
71f898fp,incongruent,0,1.09
71f898fp,incongruent,1,1.141
71f898fp,incongruent,0,1.093
71f898fp,congruent,0,0.986
71f898fp,incongruent,0,0.0
71f898fp,congruent,0,1.349
71f898fp,incongruent,0,1.45
71f898fp,incongruent,0,0.923
71f898fp,incongruent,0,1.282
71f898fp,incongruent,0,1.247
71f898fp,congruent,1,1.281
71f898fp,incongruent,1,0.942
71f898fp,incongruent,0,1.077
71f898fp,congruent,0,1.365
71f898fp,incongruent,0,0.91
71f898fp,incongruent,0,1.178
71f898fp,incongruent,0,1.298
71f898fp,incongruent,0,1.056
71f898fp,incongruent,0,1.195
71f898fp,incongruent,0,0.945
71f898fp,congruent,0,1.023
71f898fp,incongruent,0,1.055
71f898fp,incongruent,0,1.334
71f898fp,incongruent,0,1.177
71f898fp,incongruent,0,0.906
7eih1i0q,incongruent,0,0.002
7eih1i0q,incongruent,0,0.0
7eih1i0q,incongruent,0,0.573
7eih1i0q,incongruent,0,0.787
7eih1i0q,incongruent,0,1.095
7eih1i0q,incongruent,0,1.073
7eih1i0q,incongruent,1,0.774
7eih1i0q,incongruent,0,0.888
7eih1i0q,congruent,1,0.7
7eih1i0q,incongruent,0,1.124
7eih1i0q,congruent,1,0.753
7eih1i0q,incongruent,0,0.603
7eih1i0q,incongruent,1,0.42
7eih1i0q,incongruent,0,0.88
7eih1i0q,congruent,1,0.977
7eih1i0q,incongruent,0,0.619
7eih1i0q,incongruent,1,0.616
7eih1i0q,congruent,0,0.784
7eih1i0q,incongruent,1,0.801
7eih1i0q,incongruent,0,0.776
7eih1i0q,incongruent,0,0.751
7eih1i0q,incongruent,1,0.531
7eih1i0q,incongruent,1,0.545
7eih1i0q,congruent,0,0.631
7eih1i0q,incongruent,0,0.716
7eih1i0q,incongruent,0,0.547
7eih1i0q,incongruent,0,0.494
7eih1i0q,incongruent,0,0.295
7eih1i0q,incongruent,1,0.262
7eih1i0q,incongruent,0,0.296
7eih1i0q,congruent,0,0.779
7eih1i0q,incongruent,0,0.233
7eih1i0q,incongruent,0,0.343
7eih1i0q,incongruent,0,0.315
7eih1i0q,congruent,1,0.25
7eih1i0q,incongruent,1,0.235
7eih1i0q,incongruent,0,0.503
7eih1i0q,incongruent,1,0.266
7eih1i0q,incongruent,0,0.378
7eih1i0q,incongruent,0,0.514
7eih1i0q,incongruent,0,0.487
7eih1i0q,incongruent,0,0.643
7eih1i0q,congruent,1,0.588
7eih1i0q,congruent,1,0.483
7eih1i0q,incongruent,0,0.684
7eih1i0q,incongruent,0,0.699
7eih1i0q,incongruent,1,0.37
7eih1i0q,incongruent,0,0.506
7eih1i0q,incongruent,0,0.4
7eih1i0q,incongruent,0,0.517
7eih1i0q,incongruent,0,0.909
7eih1i0q,incongruent,0,0.538
7eih1i0q,congruent,0,0.54
7eih1i0q,incongruent,0,0.478
7eih1i0q,incongruent,0,0.461
7eih1i0q,incongruent,0,0.76
7eih1i0q,incongruent,0,0.834
7eih1i0q,incongruent,0,0.657
7eih1i0q,incongruent,1,0.558
7eih1i0q,incongruent,0,0.518
7re7u25l,incongruent,1,0.96
7re7u25l,incongruent,1,0.871
7re7u25l,incongruent,1,0.903
7re7u25l,incongruent,0,0.812
7re7u25l,incongruent,0,0.94
7re7u25l,incongruent,0,0.887
7re7u25l,incongruent,0,1.27
7re7u25l,incongruent,0,0.802
7re7u25l,incongruent,0,0.659
7re7u25l,congruent,1,0.873
7re7u25l,incongruent,1,0.736
7re7u25l,incongruent,0,1.102
7re7u25l,incongruent,1,1.076
7re7u25l,incongruent,0,0.913
7re7u25l,congruent,0,0.706
7re7u25l,incongruent,0,0.733
7re7u25l,incongruent,1,0.904
7re7u25l,incongruent,1,1.423
7re7u25l,incongruent,0,0.902
7re7u25l,incongruent,1,0.976
7re7u25l,incongruent,0,0.736
7re7u25l,congruent,0,0.766
7re7u25l,incongruent,0,0.78
7re7u25l,incongruent,0,0.77
7re7u25l,congruent,0,1.252
7re7u25l,incongruent,0,0.798
7re7u25l,incongruent,0,0.633
7re7u25l,congruent,1,1.008
7re7u25l,incongruent,0,1.033
7re7u25l,congruent,0,0.714
7re7u25l,incongruent,0,0.575
7re7u25l,incongruent,0,0.583
7re7u25l,incongruent,0,0.822
7re7u25l,incongruent,0,0.829
7re7u25l,congruent,1,0.688
7re7u25l,incongruent,0,0.659
7re7u25l,incongruent,0,0.724
7re7u25l,congruent,1,1.037
7re7u25l,incongruent,0,0.824
7re7u25l,incongruent,0,1.262
7re7u25l,incongruent,0,0.804
7re7u25l,incongruent,1,0.816
7re7u25l,congruent,1,0.944
7re7u25l,incongruent,0,0.654
7re7u25l,incongruent,0,0.86
7re7u25l,incongruent,0,1.044
7re7u25l,congruent,0,0.654
7re7u25l,incongruent,0,0.683
7re7u25l,incongruent,0,0.811
7re7u25l,incongruent,0,0.595
7re7u25l,incongruent,0,0.574
7re7u25l,incongruent,0,0.54
7re7u25l,incongruent,0,0.469
7re7u25l,incongruent,1,1.08
7re7u25l,incongruent,0,0.711
7re7u25l,incongruent,0,0.928
7re7u25l,incongruent,0,0.539
7re7u25l,incongruent,0,0.518
7re7u25l,incongruent,0,0.805
7re7u25l,incongruent,0,0.58
7rngwvq4,incongruent,0,0.0
7rngwvq4,incongruent,0,0.74
7rngwvq4,incongruent,1,0.769
7rngwvq4,incongruent,1,0.728
7rngwvq4,incongruent,1,0.838
7rngwvq4,incongruent,1,0.874
7rngwvq4,incongruent,1,0.897
7rngwvq4,incongruent,1,0.946
7rngwvq4,incongruent,1,1.031
7rngwvq4,incongruent,1,0.943
7rngwvq4,incongruent,0,1.177
7rngwvq4,incongruent,0,0.925
7rngwvq4,incongruent,0,0.981
7rngwvq4,incongruent,1,1.003
7rngwvq4,congruent,1,0.965
7rngwvq4,incongruent,0,0.699
7rngwvq4,incongruent,0,0.669
7rngwvq4,incongruent,0,0.606
7rngwvq4,incongruent,0,0.608
7rngwvq4,incongruent,1,0.768
7rngwvq4,incongruent,0,0.617
7rngwvq4,incongruent,0,1.075
7rngwvq4,incongruent,0,0.752
7rngwvq4,incongruent,1,0.769
7rngwvq4,incongruent,1,0.767
7rngwvq4,incongruent,0,1.32
7rngwvq4,incongruent,0,0.693
7rngwvq4,congruent,1,0.815
7rngwvq4,congruent,1,0.769
7rngwvq4,incongruent,1,1.381
7rngwvq4,incongruent,0,0.828
7rngwvq4,congruent,1,0.9
7rngwvq4,incongruent,1,0.935
7rngwvq4,congruent,1,1.029
7rngwvq4,incongruent,1,1.004
7rngwvq4,incongruent,1,0.933
7rngwvq4,incongruent,1,1.185
7rngwvq4,incongruent,0,1.039
7rngwvq4,congruent,1,1.092
7rngwvq4,congruent,1,1.285
7rngwvq4,incongruent,0,1.045
7rngwvq4,incongruent,0,0.0
7rngwvq4,incongruent,0,0.833
7rngwvq4,incongruent,0,0.729
7rngwvq4,congruent,0,0.876
7rngwvq4,incongruent,0,1.113
7rngwvq4,incongruent,0,0.729
7rngwvq4,incongruent,0,0.754
7rngwvq4,incongruent,0,0.633
7rngwvq4,incongruent,0,0.694
7rngwvq4,incongruent,0,1.05
7rngwvq4,incongruent,0,0.593
7rngwvq4,incongruent,0,0.623
7rngwvq4,congruent,1,0.812
7rngwvq4,incongruent,1,1.025
7rngwvq4,incongruent,0,0.671
7rngwvq4,congruent,1,0.833
7rngwvq4,incongruent,0,0.965
7rngwvq4,incongruent,0,0.557
7rngwvq4,incongruent,0,0.634
9vbud741,incongruent,0,0.0
9vbud741,incongruent,1,0.983
9vbud741,incongruent,0,0.633
9vbud741,incongruent,0,0.81
9vbud741,incongruent,0,0.654
9vbud741,incongruent,0,1.069
9vbud741,incongruent,0,0.732
9vbud741,congruent,0,0.941
9vbud741,incongruent,0,1.179
9vbud741,incongruent,1,0.941
9vbud741,incongruent,0,0.95
9vbud741,incongruent,0,1.124
9vbud741,incongruent,1,1.234
9vbud741,congruent,1,0.799
9vbud741,incongruent,0,1.166
9vbud741,incongruent,0,1.123
9vbud741,congruent,0,1.061
9vbud741,incongruent,0,1.076
9vbud741,incongruent,0,1.307
9vbud741,incongruent,0,1.147
9vbud741,incongruent,1,0.775
9vbud741,incongruent,0,0.841
9vbud741,incongruent,1,0.931
9vbud741,incongruent,0,0.717
9vbud741,congruent,0,0.819
9vbud741,incongruent,0,0.862
9vbud741,incongruent,0,0.891
9vbud741,congruent,1,1.123
9vbud741,incongruent,1,1.079
9vbud741,congruent,0,1.284
9vbud741,incongruent,0,1.196
9vbud741,incongruent,0,0.882
9vbud741,congruent,0,0.711
9vbud741,incongruent,0,1.178
9vbud741,incongruent,0,0.766
9vbud741,incongruent,0,1.043
9vbud741,incongruent,0,1.029
9vbud741,incongruent,0,0.746
9vbud741,incongruent,0,0.679
9vbud741,incongruent,0,0.989
9vbud741,incongruent,0,1.044
9vbud741,incongruent,1,0.903
9vbud741,incongruent,0,1.123
9vbud741,incongruent,0,0.624
9vbud741,incongruent,0,1.01
9vbud741,incongruent,0,1.249
9vbud741,incongruent,1,1.185
9vbud741,incongruent,1,1.04
9vbud741,incongruent,0,0.755
9vbud741,congruent,0,1.012
9vbud741,incongruent,0,0.881
9vbud741,congruent,0,0.754
9vbud741,incongruent,0,0.804
9vbud741,incongruent,0,0.524
9vbud741,incongruent,0,0.729
9vbud741,incongruent,0,0.738
9vbud741,incongruent,0,1.164
9vbud741,congruent,0,0.719
9vbud741,incongruent,0,0.883
9vbud741,incongruent,0,0.727
bf915bwb,congruent,1,1.367
bf915bwb,incongruent,1,0.698
bf915bwb,incongruent,1,1.365
bf915bwb,incongruent,1,1.269
bf915bwb,incongruent,0,1.403
bf915bwb,incongruent,0,1.092
bf915bwb,incongruent,1,1.11
bf915bwb,congruent,1,0.647
bf915bwb,incongruent,0,0.88
bf915bwb,incongruent,0,1.163
bf915bwb,incongruent,0,0.839
bf915bwb,congruent,0,0.0
bf915bwb,incongruent,1,0.634
bf915bwb,congruent,0,0.8
bf915bwb,incongruent,0,0.536
bf915bwb,incongruent,0,0.583
bf915bwb,congruent,0,0.839
bf915bwb,incongruent,0,1.359
bf915bwb,incongruent,0,0.562
bf915bwb,incongruent,1,0.73
bf915bwb,incongruent,0,0.0
bf915bwb,incongruent,0,0.976
bf915bwb,incongruent,1,0.641
bf915bwb,incongruent,1,0.513
bf915bwb,incongruent,0,0.705
bf915bwb,incongruent,0,0.537
bf915bwb,incongruent,0,0.689
bf915bwb,incongruent,0,0.722
bf915bwb,incongruent,0,0.593
bf915bwb,congruent,0,0.855
bf915bwb,incongruent,0,0.452
bf915bwb,incongruent,1,0.724
bf915bwb,incongruent,1,0.629
bf915bwb,incongruent,0,0.519
bf915bwb,incongruent,0,0.589
bf915bwb,congruent,0,0.766
bf915bwb,incongruent,1,0.679
bf915bwb,incongruent,0,0.502
bf915bwb,incongruent,0,0.451
bf915bwb,incongruent,0,0.509
bf915bwb,incongruent,0,0.383
bf915bwb,congruent,0,0.721
bf915bwb,congruent,0,0.7
bf915bwb,congruent,0,0.538
bf915bwb,incongruent,0,0.523
bf915bwb,incongruent,0,0.564
bf915bwb,incongruent,0,0.485
bf915bwb,incongruent,0,0.51
bf915bwb,incongruent,0,0.448
bf915bwb,incongruent,0,0.483
bf915bwb,incongruent,0,0.522
bf915bwb,incongruent,1,0.647
bf915bwb,incongruent,0,0.521
bf915bwb,incongruent,0,0.468
bf915bwb,incongruent,0,0.426
bf915bwb,incongruent,0,0.544
bf915bwb,incongruent,0,0.467
bf915bwb,incongruent,0,0.518
bf915bwb,incongruent,0,0.504
bf915bwb,incongruent,0,0.42
cc6c243c,incongruent,0,0.0
cc6c243c,incongruent,0,0.773
cc6c243c,incongruent,0,1.103
cc6c243c,incongruent,1,0.978
cc6c243c,incongruent,0,1.089
cc6c243c,incongruent,1,1.174
cc6c243c,incongruent,0,0.98
cc6c243c,incongruent,0,1.194
cc6c243c,incongruent,1,1.118
cc6c243c,incongruent,1,0.993
cc6c243c,incongruent,0,1.022
cc6c243c,incongruent,0,0.965
cc6c243c,incongruent,1,0.763
cc6c243c,incongruent,1,0.906
cc6c243c,incongruent,0,0.905
cc6c243c,incongruent,0,0.796
cc6c243c,congruent,1,0.725
cc6c243c,incongruent,1,0.755
cc6c243c,congruent,1,0.693
cc6c243c,congruent,1,0.716
cc6c243c,incongruent,1,0.701
cc6c243c,incongruent,0,0.912
cc6c243c,incongruent,0,0.86
cc6c243c,incongruent,0,0.939
cc6c243c,incongruent,0,0.964
cc6c243c,incongruent,1,0.859
cc6c243c,congruent,1,1.042
cc6c243c,incongruent,1,0.711
cc6c243c,incongruent,0,0.972
cc6c243c,congruent,1,0.953
cc6c243c,incongruent,0,0.853
cc6c243c,incongruent,1,1.044
cc6c243c,incongruent,0,1.076
cc6c243c,incongruent,0,0.894
cc6c243c,incongruent,0,1.075
cc6c243c,incongruent,1,0.89
cc6c243c,congruent,1,1.1
cc6c243c,incongruent,1,0.859
cc6c243c,incongruent,1,1.265
cc6c243c,incongruent,0,1.005
cc6c243c,congruent,0,1.047
cc6c243c,incongruent,0,0.903
cc6c243c,incongruent,0,1.057
cc6c243c,incongruent,0,1.101
cc6c243c,incongruent,0,1.198
cc6c243c,congruent,1,1.169
cc6c243c,incongruent,0,1.101
cc6c243c,incongruent,0,1.13
cc6c243c,incongruent,0,0.0
cc6c243c,incongruent,0,0.712
cc6c243c,incongruent,0,0.816
cc6c243c,incongruent,0,0.726
cc6c243c,incongruent,0,0.836
cc6c243c,congruent,0,0.953
cc6c243c,incongruent,1,0.735
cc6c243c,incongruent,0,0.957
cc6c243c,incongruent,0,0.928
cc6c243c,incongruent,0,1.168
cc6c243c,congruent,0,0.826
cc6c243c,incongruent,0,1.051
d5kgyqu9,incongruent,0,0.575
d5kgyqu9,incongruent,1,0.436
d5kgyqu9,incongruent,0,0.68
d5kgyqu9,incongruent,0,0.627
d5kgyqu9,incongruent,0,0.597
d5kgyqu9,congruent,1,0.724
d5kgyqu9,incongruent,1,0.517
d5kgyqu9,incongruent,0,0.51
d5kgyqu9,congruent,1,0.622
d5kgyqu9,incongruent,0,0.516
d5kgyqu9,incongruent,0,0.658
d5kgyqu9,incongruent,1,0.788
d5kgyqu9,congruent,1,0.668
d5kgyqu9,incongruent,0,0.523
d5kgyqu9,congruent,1,0.892
d5kgyqu9,incongruent,0,1.16
d5kgyqu9,incongruent,1,0.493
d5kgyqu9,incongruent,1,1.058
d5kgyqu9,incongruent,0,0.622
d5kgyqu9,incongruent,1,0.555
d5kgyqu9,incongruent,1,0.76
d5kgyqu9,incongruent,0,0.567
d5kgyqu9,incongruent,1,0.603
d5kgyqu9,incongruent,1,0.704
d5kgyqu9,incongruent,1,0.508
d5kgyqu9,incongruent,0,0.688
d5kgyqu9,congruent,1,0.886
d5kgyqu9,incongruent,0,0.574
d5kgyqu9,incongruent,1,0.589
d5kgyqu9,incongruent,1,0.549
d5kgyqu9,incongruent,0,0.581
d5kgyqu9,incongruent,0,0.526
d5kgyqu9,incongruent,1,0.459
d5kgyqu9,incongruent,0,0.579
d5kgyqu9,congruent,1,0.503
d5kgyqu9,incongruent,0,0.57
d5kgyqu9,incongruent,0,0.672
d5kgyqu9,incongruent,0,0.545
d5kgyqu9,incongruent,1,1.082
d5kgyqu9,incongruent,1,0.399
d5kgyqu9,incongruent,0,0.49
d5kgyqu9,incongruent,1,0.389
d5kgyqu9,incongruent,0,0.515
d5kgyqu9,incongruent,1,0.532
d5kgyqu9,incongruent,0,0.499
d5kgyqu9,incongruent,1,0.448
d5kgyqu9,incongruent,0,0.544
d5kgyqu9,incongruent,0,0.67
d5kgyqu9,incongruent,0,0.541
d5kgyqu9,incongruent,0,0.44
d5kgyqu9,congruent,1,0.584
d5kgyqu9,congruent,1,0.759
d5kgyqu9,incongruent,0,0.556
d5kgyqu9,incongruent,0,0.486
d5kgyqu9,incongruent,0,0.524
d5kgyqu9,incongruent,1,0.543
d5kgyqu9,congruent,1,0.401
d5kgyqu9,incongruent,0,0.518
d5kgyqu9,incongruent,0,0.518
d5kgyqu9,congruent,1,0.452
d5phsikd,incongruent,1,1.288
d5phsikd,incongruent,0,0.869
d5phsikd,incongruent,0,1.15
d5phsikd,incongruent,1,0.916
d5phsikd,incongruent,0,0.84
d5phsikd,incongruent,0,1.057
d5phsikd,congruent,0,1.045
d5phsikd,incongruent,0,0.0
d5phsikd,incongruent,0,1.163
d5phsikd,incongruent,0,1.023
d5phsikd,incongruent,0,0.79
d5phsikd,incongruent,0,0.931
d5phsikd,incongruent,0,0.897
d5phsikd,incongruent,0,0.966
d5phsikd,incongruent,0,0.931
d5phsikd,incongruent,0,0.821
d5phsikd,congruent,0,1.007
d5phsikd,incongruent,0,1.071
d5phsikd,incongruent,0,1.446
d5phsikd,incongruent,0,1.069
d5phsikd,incongruent,0,1.228
d5phsikd,congruent,1,1.181
d5phsikd,incongruent,1,1.074
d5phsikd,incongruent,0,1.243
d5phsikd,incongruent,0,1.203
d5phsikd,incongruent,0,1.305
d5phsikd,incongruent,0,1.088
d5phsikd,congruent,1,1.243
d5phsikd,incongruent,0,0.853
d5phsikd,incongruent,0,0.858
d5phsikd,incongruent,0,0.978
d5phsikd,incongruent,1,1.009
d5phsikd,incongruent,0,0.886
d5phsikd,incongruent,0,1.154
d5phsikd,incongruent,0,0.838
d5phsikd,incongruent,0,0.87
d5phsikd,incongruent,0,0.932
d5phsikd,congruent,1,0.979
d5phsikd,incongruent,0,0.964
d5phsikd,incongruent,0,0.866
d5phsikd,incongruent,0,0.757
d5phsikd,congruent,0,0.79
d5phsikd,incongruent,0,0.886
d5phsikd,incongruent,0,0.885
d5phsikd,incongruent,0,0.822
d5phsikd,incongruent,0,1.231
d5phsikd,congruent,1,0.805
d5phsikd,incongruent,0,0.788
d5phsikd,incongruent,1,1.041
d5phsikd,incongruent,0,0.791
d5phsikd,incongruent,0,0.868
d5phsikd,incongruent,0,0.808
d5phsikd,incongruent,0,0.808
d5phsikd,congruent,1,0.805
d5phsikd,incongruent,0,0.965
d5phsikd,congruent,1,1.01
d5phsikd,incongruent,0,0.852
d5phsikd,congruent,1,0.932
d5phsikd,incongruent,0,1.041
d5phsikd,incongruent,1,0.913
dxlk71b4,congruent,1,0.587
dxlk71b4,congruent,0,1.182
dxlk71b4,incongruent,0,0.91
dxlk71b4,congruent,1,0.687
dxlk71b4,incongruent,0,0.727
dxlk71b4,incongruent,0,0.986
dxlk71b4,congruent,1,0.711
dxlk71b4,congruent,1,1.293
dxlk71b4,incongruent,0,0.563
dxlk71b4,congruent,1,1.116
dxlk71b4,incongruent,1,1.065
dxlk71b4,congruent,1,0.88
dxlk71b4,incongruent,0,0.972
dxlk71b4,incongruent,1,0.909
dxlk71b4,incongruent,0,0.995
dxlk71b4,incongruent,1,0.696
dxlk71b4,incongruent,0,0.711
dxlk71b4,incongruent,1,0.638
dxlk71b4,congruent,1,0.801
dxlk71b4,incongruent,0,0.759
dxlk71b4,incongruent,0,0.588
dxlk71b4,incongruent,0,0.515
dxlk71b4,incongruent,0,0.65
dxlk71b4,incongruent,0,0.632
dxlk71b4,incongruent,0,0.637
dxlk71b4,incongruent,0,1.175
dxlk71b4,incongruent,0,0.849
dxlk71b4,incongruent,1,0.892
dxlk71b4,incongruent,0,0.702
dxlk71b4,incongruent,0,0.759
dxlk71b4,incongruent,0,0.852
dxlk71b4,incongruent,0,0.68
dxlk71b4,incongruent,0,0.913
dxlk71b4,incongruent,1,0.739
dxlk71b4,incongruent,0,0.77
dxlk71b4,incongruent,1,0.842
dxlk71b4,incongruent,0,0.594
dxlk71b4,incongruent,0,0.566
dxlk71b4,incongruent,0,0.62
dxlk71b4,incongruent,0,0.688
dxlk71b4,incongruent,0,0.546
dxlk71b4,incongruent,0,0.739
dxlk71b4,incongruent,1,0.725
dxlk71b4,congruent,1,0.555
dxlk71b4,congruent,1,0.742
dxlk71b4,incongruent,1,0.679
dxlk71b4,incongruent,1,0.594
dxlk71b4,incongruent,0,0.504
dxlk71b4,incongruent,0,0.73
dxlk71b4,incongruent,1,0.693
dxlk71b4,incongruent,0,0.591
dxlk71b4,incongruent,0,0.614
dxlk71b4,incongruent,0,0.615
dxlk71b4,incongruent,0,0.626
dxlk71b4,incongruent,0,0.583
dxlk71b4,incongruent,0,0.743
dxlk71b4,incongruent,0,0.859
dxlk71b4,incongruent,0,0.581
dxlk71b4,incongruent,1,0.533
dxlk71b4,incongruent,0,0.545
ek32wrtm,incongruent,0,0.0
ek32wrtm,incongruent,1,0.697
ek32wrtm,congruent,1,0.835
ek32wrtm,incongruent,0,1.506
ek32wrtm,incongruent,0,0.0
ek32wrtm,incongruent,0,1.237
ek32wrtm,incongruent,1,1.036
ek32wrtm,incongruent,1,0.928
ek32wrtm,incongruent,0,0.933
ek32wrtm,incongruent,0,0.0
ek32wrtm,incongruent,0,1.004
ek32wrtm,incongruent,0,0.0
ek32wrtm,incongruent,1,0.749
ek32wrtm,incongruent,1,1.461
ek32wrtm,congruent,1,0.771
ek32wrtm,congruent,1,0.855
ek32wrtm,incongruent,0,0.812
ek32wrtm,incongruent,1,0.82
ek32wrtm,congruent,1,0.768
ek32wrtm,incongruent,0,0.854
ek32wrtm,incongruent,1,0.807
ek32wrtm,incongruent,0,0.951
ek32wrtm,incongruent,1,0.822
ek32wrtm,incongruent,0,0.627
ek32wrtm,incongruent,0,0.646
ek32wrtm,incongruent,0,0.698
ek32wrtm,incongruent,0,0.625
ek32wrtm,congruent,1,1.011
ek32wrtm,incongruent,1,0.648
ek32wrtm,incongruent,0,0.734
ek32wrtm,incongruent,0,0.688
ek32wrtm,incongruent,0,0.628
ek32wrtm,incongruent,1,0.944
ek32wrtm,congruent,1,0.827
ek32wrtm,incongruent,1,0.772
ek32wrtm,incongruent,1,0.701
ek32wrtm,incongruent,0,0.62
ek32wrtm,congruent,1,0.583
ek32wrtm,incongruent,0,0.791
ek32wrtm,incongruent,1,0.569
ek32wrtm,incongruent,0,0.669
ek32wrtm,incongruent,1,0.69
ek32wrtm,congruent,0,0.671
ek32wrtm,incongruent,0,0.716
ek32wrtm,incongruent,0,0.724
ek32wrtm,incongruent,1,0.733
ek32wrtm,incongruent,0,0.566
ek32wrtm,incongruent,0,0.796
ek32wrtm,incongruent,0,0.742
ek32wrtm,incongruent,1,0.627
ek32wrtm,congruent,0,0.597
ek32wrtm,incongruent,0,0.0
ek32wrtm,incongruent,0,0.0
ek32wrtm,incongruent,0,0.0
ek32wrtm,incongruent,0,0.0
ek32wrtm,congruent,0,0.0
ek32wrtm,incongruent,0,0.0
ek32wrtm,incongruent,0,0.0
ek32wrtm,incongruent,0,0.0
ek32wrtm,incongruent,0,0.0
envr2vuq,incongruent,0,0.0
envr2vuq,incongruent,0,0.725
envr2vuq,incongruent,0,0.368
envr2vuq,congruent,0,1.031
envr2vuq,incongruent,0,0.581
envr2vuq,incongruent,0,0.76
envr2vuq,incongruent,0,0.62
envr2vuq,incongruent,0,0.781
envr2vuq,incongruent,0,0.568
envr2vuq,incongruent,0,0.518
envr2vuq,incongruent,0,0.598
envr2vuq,incongruent,1,0.627
envr2vuq,incongruent,0,0.598
envr2vuq,incongruent,0,0.533
envr2vuq,incongruent,0,0.68
envr2vuq,incongruent,1,0.564
envr2vuq,incongruent,1,0.477
envr2vuq,incongruent,1,0.516
envr2vuq,incongruent,0,0.517
envr2vuq,incongruent,0,0.61
envr2vuq,incongruent,0,0.644
envr2vuq,incongruent,0,0.591
envr2vuq,incongruent,0,0.545
envr2vuq,incongruent,0,0.529
envr2vuq,congruent,1,0.66
envr2vuq,incongruent,0,0.471
envr2vuq,incongruent,0,0.451
envr2vuq,incongruent,1,0.748
envr2vuq,incongruent,1,0.548
envr2vuq,incongruent,0,0.501
envr2vuq,congruent,1,0.662
envr2vuq,incongruent,0,0.517
envr2vuq,congruent,0,0.741
envr2vuq,congruent,1,0.734
envr2vuq,incongruent,0,0.567
envr2vuq,incongruent,0,0.652
envr2vuq,incongruent,1,0.628
envr2vuq,congruent,1,0.645
envr2vuq,incongruent,0,0.528
envr2vuq,incongruent,0,0.626
envr2vuq,incongruent,0,0.608
envr2vuq,congruent,0,0.64
envr2vuq,congruent,0,0.673
envr2vuq,incongruent,0,0.522
envr2vuq,incongruent,0,0.522
envr2vuq,incongruent,0,0.507
envr2vuq,incongruent,0,0.454
envr2vuq,incongruent,0,0.451
envr2vuq,incongruent,0,0.488
envr2vuq,incongruent,0,0.617
envr2vuq,incongruent,0,0.536
envr2vuq,incongruent,0,0.512
envr2vuq,incongruent,0,0.492
envr2vuq,incongruent,0,0.652
envr2vuq,incongruent,1,0.569
envr2vuq,incongruent,0,0.457
envr2vuq,incongruent,0,0.527
envr2vuq,congruent,0,0.641
envr2vuq,incongruent,0,0.499
envr2vuq,congruent,0,0.466
g90kz13c,incongruent,0,1.29
g90kz13c,incongruent,0,0.825
g90kz13c,congruent,1,0.829
g90kz13c,incongruent,1,0.898
g90kz13c,incongruent,0,0.625
g90kz13c,incongruent,0,0.955
g90kz13c,incongruent,1,0.628
g90kz13c,incongruent,0,0.705
g90kz13c,incongruent,0,0.788
g90kz13c,congruent,1,0.637
g90kz13c,incongruent,1,0.718
g90kz13c,incongruent,0,1.11
g90kz13c,incongruent,1,0.86
g90kz13c,incongruent,1,1.229
g90kz13c,incongruent,0,0.807
g90kz13c,incongruent,0,0.84
g90kz13c,incongruent,0,0.676
g90kz13c,incongruent,0,0.714
g90kz13c,incongruent,0,0.623
g90kz13c,incongruent,0,1.191
g90kz13c,incongruent,0,0.783
g90kz13c,incongruent,1,0.865
g90kz13c,incongruent,1,0.689
g90kz13c,incongruent,0,0.63
g90kz13c,incongruent,0,0.795
g90kz13c,incongruent,1,1.149
g90kz13c,incongruent,1,0.96
g90kz13c,congruent,0,1.152
g90kz13c,incongruent,0,0.75
g90kz13c,congruent,1,0.86
g90kz13c,congruent,0,1.195
g90kz13c,congruent,0,0.0
g90kz13c,incongruent,1,1.032
g90kz13c,incongruent,0,0.594
g90kz13c,incongruent,0,0.672
g90kz13c,incongruent,0,0.579
g90kz13c,incongruent,0,0.543
g90kz13c,congruent,0,0.846
g90kz13c,incongruent,0,0.642
g90kz13c,incongruent,0,0.908
g90kz13c,incongruent,1,0.627
g90kz13c,congruent,0,0.719
g90kz13c,incongruent,0,0.601
g90kz13c,incongruent,1,0.593
g90kz13c,incongruent,1,0.586
g90kz13c,congruent,1,0.612
g90kz13c,incongruent,0,0.699
g90kz13c,incongruent,0,0.599
g90kz13c,incongruent,1,0.996
g90kz13c,incongruent,0,0.792
g90kz13c,incongruent,0,0.612
g90kz13c,incongruent,0,0.53
g90kz13c,incongruent,0,0.631
g90kz13c,congruent,1,0.647
g90kz13c,incongruent,0,0.649
g90kz13c,incongruent,0,0.675
g90kz13c,incongruent,0,0.566
g90kz13c,incongruent,0,0.543
g90kz13c,incongruent,0,0.617
g90kz13c,incongruent,1,0.511
hu601lua,congruent,1,0.602
hu601lua,incongruent,1,0.697
hu601lua,incongruent,0,0.479
hu601lua,incongruent,1,0.391
hu601lua,incongruent,1,0.436
hu601lua,congruent,1,0.574
hu601lua,incongruent,0,0.641
hu601lua,incongruent,0,0.555
hu601lua,incongruent,1,0.425
hu601lua,incongruent,0,0.421
hu601lua,congruent,0,0.36
hu601lua,incongruent,1,0.441
hu601lua,incongruent,0,0.436
hu601lua,incongruent,0,0.585
hu601lua,incongruent,1,0.525
hu601lua,incongruent,0,0.486
hu601lua,incongruent,1,0.554
hu601lua,incongruent,0,0.46
hu601lua,incongruent,0,0.413
hu601lua,congruent,1,0.486
hu601lua,incongruent,0,0.631
hu601lua,incongruent,0,0.434
hu601lua,incongruent,0,0.46
hu601lua,congruent,0,0.571
hu601lua,incongruent,1,0.629
hu601lua,incongruent,0,0.795
hu601lua,congruent,0,0.478
hu601lua,incongruent,0,0.51
hu601lua,incongruent,1,0.511
hu601lua,incongruent,1,0.505
hu601lua,incongruent,0,0.581
hu601lua,incongruent,0,0.401
hu601lua,incongruent,1,0.673
hu601lua,incongruent,0,0.516
hu601lua,congruent,0,0.591
hu601lua,incongruent,0,0.56
hu601lua,incongruent,0,0.444
hu601lua,incongruent,1,0.463
hu601lua,incongruent,0,0.487
hu601lua,incongruent,0,0.481
hu601lua,congruent,1,0.582
hu601lua,incongruent,0,0.517
hu601lua,incongruent,1,0.637
hu601lua,incongruent,0,0.415
hu601lua,incongruent,0,0.44
hu601lua,incongruent,0,0.433
hu601lua,incongruent,0,0.44
hu601lua,incongruent,0,0.446
hu601lua,incongruent,1,0.57
hu601lua,incongruent,0,0.439
hu601lua,congruent,1,0.514
hu601lua,congruent,1,0.703
hu601lua,incongruent,1,0.579
hu601lua,incongruent,0,0.446
hu601lua,incongruent,0,0.605
hu601lua,incongruent,0,0.506
hu601lua,incongruent,0,0.53
hu601lua,incongruent,0,0.435
hu601lua,incongruent,0,0.491
hu601lua,incongruent,0,0.446
j6pzryr8,incongruent,0,0.0
j6pzryr8,incongruent,0,0.886
j6pzryr8,incongruent,1,1.06
j6pzryr8,incongruent,1,0.949
j6pzryr8,incongruent,0,0.606
j6pzryr8,incongruent,0,0.719
j6pzryr8,incongruent,0,1.212
j6pzryr8,incongruent,0,1.242
j6pzryr8,congruent,1,0.874
j6pzryr8,incongruent,0,0.756
j6pzryr8,incongruent,1,0.936
j6pzryr8,congruent,1,0.792
j6pzryr8,congruent,1,0.831
j6pzryr8,incongruent,1,0.836
j6pzryr8,congruent,1,0.729
j6pzryr8,incongruent,0,0.805
j6pzryr8,incongruent,0,0.857
j6pzryr8,incongruent,0,0.0
j6pzryr8,incongruent,1,0.812
j6pzryr8,incongruent,1,0.827
j6pzryr8,incongruent,0,0.927
j6pzryr8,congruent,1,0.816
j6pzryr8,incongruent,0,1.052
j6pzryr8,incongruent,0,0.913
j6pzryr8,incongruent,0,0.972
j6pzryr8,incongruent,1,0.898
j6pzryr8,incongruent,1,0.931
j6pzryr8,incongruent,0,0.786
j6pzryr8,incongruent,0,0.649
j6pzryr8,incongruent,0,0.909
j6pzryr8,incongruent,1,0.685
j6pzryr8,incongruent,0,0.619
j6pzryr8,incongruent,0,0.668
j6pzryr8,incongruent,0,0.726
j6pzryr8,incongruent,0,0.841
j6pzryr8,congruent,0,0.866
j6pzryr8,incongruent,1,0.801
j6pzryr8,congruent,1,0.817
j6pzryr8,incongruent,0,1.009
j6pzryr8,incongruent,1,1.256
j6pzryr8,incongruent,0,0.745
j6pzryr8,congruent,1,0.855
j6pzryr8,incongruent,0,0.806
j6pzryr8,incongruent,1,0.696
j6pzryr8,incongruent,1,0.887
j6pzryr8,incongruent,0,0.699
j6pzryr8,incongruent,0,0.989
j6pzryr8,incongruent,1,0.641
j6pzryr8,incongruent,0,0.719
j6pzryr8,incongruent,0,0.703
j6pzryr8,incongruent,1,0.704
j6pzryr8,incongruent,0,0.685
j6pzryr8,incongruent,0,1.24
j6pzryr8,incongruent,1,0.715
j6pzryr8,incongruent,0,0.717
j6pzryr8,congruent,1,0.831
j6pzryr8,incongruent,1,1.235
j6pzryr8,incongruent,1,0.873
j6pzryr8,incongruent,1,0.866
j6pzryr8,congruent,1,0.862
jln9wl60,congruent,1,1.487
jln9wl60,congruent,1,0.728
jln9wl60,incongruent,0,1.177
jln9wl60,incongruent,0,1.114
jln9wl60,incongruent,0,1.474
jln9wl60,incongruent,1,0.703
jln9wl60,incongruent,1,0.809
jln9wl60,incongruent,0,1.118
jln9wl60,incongruent,0,0.0
jln9wl60,incongruent,0,0.906
jln9wl60,incongruent,1,0.671
jln9wl60,incongruent,0,0.873
jln9wl60,incongruent,0,1.338
jln9wl60,congruent,1,0.691
jln9wl60,incongruent,0,0.861
jln9wl60,incongruent,0,0.792
jln9wl60,incongruent,0,0.881
jln9wl60,incongruent,0,1.102
jln9wl60,incongruent,0,1.29
jln9wl60,incongruent,1,0.834
jln9wl60,incongruent,0,1.319
jln9wl60,incongruent,1,1.444
jln9wl60,incongruent,0,1.192
jln9wl60,incongruent,0,0.0
jln9wl60,incongruent,1,0.693
jln9wl60,incongruent,0,0.969
jln9wl60,incongruent,0,1.502
jln9wl60,congruent,1,1.166
jln9wl60,incongruent,0,0.0
jln9wl60,incongruent,1,0.686
jln9wl60,incongruent,1,0.781
jln9wl60,incongruent,0,0.862
jln9wl60,incongruent,1,0.824
jln9wl60,incongruent,1,0.667
jln9wl60,incongruent,0,0.741
jln9wl60,congruent,1,1.383
jln9wl60,incongruent,0,0.967
jln9wl60,incongruent,0,1.47
jln9wl60,incongruent,1,1.025
jln9wl60,incongruent,0,0.0
jln9wl60,incongruent,1,0.88
jln9wl60,incongruent,1,0.657
jln9wl60,incongruent,1,0.677
jln9wl60,congruent,1,0.718
jln9wl60,incongruent,0,1.354
jln9wl60,incongruent,1,0.635
jln9wl60,incongruent,1,0.629
jln9wl60,incongruent,0,1.086
jln9wl60,congruent,1,0.752
jln9wl60,incongruent,0,1.102
jln9wl60,congruent,1,0.612
jln9wl60,incongruent,0,0.0
jln9wl60,congruent,1,0.722
jln9wl60,congruent,1,0.627
jln9wl60,incongruent,0,0.876
jln9wl60,incongruent,0,0.499
jln9wl60,incongruent,0,0.782
jln9wl60,incongruent,1,0.697
jln9wl60,incongruent,0,1.059
jln9wl60,incongruent,0,1.159
jouau2am,incongruent,0,0.0
jouau2am,incongruent,0,0.711
jouau2am,incongruent,0,0.767
jouau2am,congruent,0,0.334
jouau2am,incongruent,0,0.805
jouau2am,incongruent,0,0.523
jouau2am,incongruent,0,0.761
jouau2am,congruent,0,0.941
jouau2am,incongruent,0,0.585
jouau2am,incongruent,0,0.688
jouau2am,congruent,0,0.552
jouau2am,incongruent,0,0.466
jouau2am,incongruent,0,0.414
jouau2am,incongruent,0,0.397
jouau2am,incongruent,0,0.47
jouau2am,incongruent,0,0.915
jouau2am,incongruent,0,0.549
jouau2am,congruent,0,0.411
jouau2am,incongruent,0,0.707
jouau2am,incongruent,0,0.422
jouau2am,incongruent,0,0.556
jouau2am,incongruent,0,0.52
jouau2am,incongruent,0,0.705
jouau2am,incongruent,0,0.614
jouau2am,incongruent,0,0.986
jouau2am,congruent,0,0.817
jouau2am,incongruent,0,0.549
jouau2am,incongruent,0,0.593
jouau2am,incongruent,0,0.533
jouau2am,incongruent,0,0.514
jouau2am,incongruent,0,0.362
jouau2am,incongruent,0,0.454
jouau2am,incongruent,0,0.53
jouau2am,incongruent,0,0.506
jouau2am,incongruent,0,0.706
jouau2am,congruent,0,0.802
jouau2am,incongruent,0,0.741
jouau2am,incongruent,0,1.456
jouau2am,incongruent,0,1.01
jouau2am,incongruent,0,0.951
jouau2am,incongruent,0,0.906
jouau2am,congruent,0,1.237
jouau2am,incongruent,0,0.939
jouau2am,incongruent,0,0.694
jouau2am,incongruent,0,0.63
jouau2am,incongruent,0,0.537
jouau2am,incongruent,0,0.584
jouau2am,incongruent,0,0.749
jouau2am,congruent,0,0.462
jouau2am,incongruent,0,0.721
jouau2am,incongruent,0,1.374
jouau2am,congruent,0,0.641
jouau2am,incongruent,0,0.768
jouau2am,incongruent,0,0.788
jouau2am,congruent,0,0.596
jouau2am,incongruent,0,0.353
jouau2am,incongruent,0,0.719
jouau2am,incongruent,0,0.639
jouau2am,incongruent,0,0.612
jouau2am,incongruent,0,0.941
jqdmb42v,incongruent,0,0.0
jqdmb42v,incongruent,0,0.82
jqdmb42v,incongruent,1,0.907
jqdmb42v,incongruent,1,0.99
jqdmb42v,incongruent,1,0.715
jqdmb42v,congruent,1,0.72
jqdmb42v,incongruent,0,0.753
jqdmb42v,incongruent,0,1.187
jqdmb42v,incongruent,0,1.228
jqdmb42v,congruent,1,0.974
jqdmb42v,incongruent,1,0.669
jqdmb42v,congruent,1,0.72
jqdmb42v,incongruent,0,0.79
jqdmb42v,incongruent,0,0.72
jqdmb42v,incongruent,1,0.701
jqdmb42v,congruent,1,0.579
jqdmb42v,incongruent,0,0.743
jqdmb42v,incongruent,0,0.673
jqdmb42v,incongruent,0,1.252
jqdmb42v,incongruent,1,0.652
jqdmb42v,incongruent,0,0.629
jqdmb42v,congruent,1,0.498
jqdmb42v,incongruent,1,0.651
jqdmb42v,incongruent,0,0.593
jqdmb42v,incongruent,0,0.66
jqdmb42v,incongruent,0,0.811
jqdmb42v,incongruent,1,0.907
jqdmb42v,incongruent,1,0.7
jqdmb42v,congruent,1,0.638
jqdmb42v,congruent,0,0.552
jqdmb42v,incongruent,0,0.971
jqdmb42v,incongruent,0,0.614
jqdmb42v,incongruent,0,0.603
jqdmb42v,incongruent,0,0.73
jqdmb42v,incongruent,0,0.591
jqdmb42v,congruent,1,0.717
jqdmb42v,incongruent,0,0.42
jqdmb42v,incongruent,1,0.965
jqdmb42v,incongruent,1,0.651
jqdmb42v,congruent,1,0.663
jqdmb42v,incongruent,0,0.556
jqdmb42v,incongruent,0,0.586
jqdmb42v,incongruent,1,0.899
jqdmb42v,incongruent,0,0.87
jqdmb42v,incongruent,0,0.7
jqdmb42v,incongruent,0,0.681
jqdmb42v,incongruent,1,0.585
jqdmb42v,incongruent,0,0.631
jqdmb42v,incongruent,1,0.662
jqdmb42v,incongruent,0,0.0
jqdmb42v,incongruent,1,0.733
jqdmb42v,incongruent,0,0.525
jqdmb42v,incongruent,1,0.551
jqdmb42v,incongruent,1,0.585
jqdmb42v,congruent,1,0.546
jqdmb42v,incongruent,1,0.608
jqdmb42v,incongruent,0,0.666
jqdmb42v,incongruent,0,0.467
jqdmb42v,incongruent,0,0.467
jqdmb42v,incongruent,0,0.446
k2fant27,congruent,0,0.0
k2fant27,congruent,0,0.0
k2fant27,incongruent,0,0.0
k2fant27,incongruent,0,1.239
k2fant27,incongruent,0,0.0
k2fant27,incongruent,0,1.173
k2fant27,incongruent,0,1.188
k2fant27,incongruent,1,1.207
k2fant27,incongruent,0,0.998
k2fant27,incongruent,1,1.258
k2fant27,incongruent,0,0.0
k2fant27,incongruent,0,0.99
k2fant27,congruent,1,0.803
k2fant27,incongruent,1,0.847
k2fant27,incongruent,0,1.076
k2fant27,incongruent,1,1.011
k2fant27,incongruent,0,0.963
k2fant27,incongruent,1,1.246
k2fant27,congruent,1,1.108
k2fant27,incongruent,0,0.932
k2fant27,congruent,1,0.909
k2fant27,incongruent,0,0.906
k2fant27,incongruent,0,0.955
k2fant27,incongruent,1,0.87
k2fant27,incongruent,1,0.793
k2fant27,incongruent,1,0.705
k2fant27,incongruent,1,0.776
k2fant27,incongruent,0,0.779
k2fant27,incongruent,0,0.929
k2fant27,incongruent,0,0.84
k2fant27,incongruent,0,0.891
k2fant27,incongruent,0,0.887
k2fant27,incongruent,0,0.859
k2fant27,incongruent,0,0.877
k2fant27,incongruent,0,0.986
k2fant27,congruent,1,0.73
k2fant27,incongruent,1,0.751
k2fant27,incongruent,0,0.762
k2fant27,incongruent,0,0.977
k2fant27,incongruent,0,0.854
k2fant27,incongruent,0,0.782
k2fant27,incongruent,0,0.799
k2fant27,incongruent,0,1.222
k2fant27,incongruent,1,0.805
k2fant27,congruent,0,0.876
k2fant27,congruent,1,0.966
k2fant27,incongruent,1,0.833
k2fant27,incongruent,0,0.922
k2fant27,incongruent,0,0.772
k2fant27,congruent,0,0.843
k2fant27,incongruent,0,0.911
k2fant27,incongruent,0,0.883
k2fant27,incongruent,0,1.109
k2fant27,incongruent,0,0.898
k2fant27,congruent,1,1.2
k2fant27,incongruent,1,0.911
k2fant27,incongruent,0,1.072
k2fant27,incongruent,0,0.9
k2fant27,incongruent,1,1.09
k2fant27,incongruent,0,0.752
lsygtdxi,incongruent,0,0.67
lsygtdxi,incongruent,1,0.582
lsygtdxi,congruent,1,0.949
lsygtdxi,incongruent,0,0.853
lsygtdxi,congruent,1,0.952
lsygtdxi,incongruent,0,0.798
lsygtdxi,incongruent,1,0.63
lsygtdxi,congruent,0,1.13
lsygtdxi,incongruent,0,0.636
lsygtdxi,incongruent,0,0.783
lsygtdxi,incongruent,1,0.825
lsygtdxi,incongruent,1,0.63
lsygtdxi,incongruent,0,0.503
lsygtdxi,incongruent,1,0.54
lsygtdxi,incongruent,0,0.554
lsygtdxi,incongruent,0,0.689
lsygtdxi,congruent,1,0.648
lsygtdxi,incongruent,1,0.777
lsygtdxi,incongruent,0,1.226
lsygtdxi,incongruent,0,0.896
lsygtdxi,incongruent,0,0.892
lsygtdxi,incongruent,1,0.645
lsygtdxi,incongruent,0,1.252
lsygtdxi,incongruent,0,0.758
lsygtdxi,congruent,1,1.041
lsygtdxi,incongruent,0,0.868
lsygtdxi,incongruent,0,0.914
lsygtdxi,incongruent,0,0.885
lsygtdxi,incongruent,0,0.612
lsygtdxi,incongruent,1,0.865
lsygtdxi,incongruent,1,0.892
lsygtdxi,incongruent,0,0.83
lsygtdxi,incongruent,1,0.566
lsygtdxi,incongruent,0,0.784
lsygtdxi,incongruent,0,0.711
lsygtdxi,incongruent,0,0.804
lsygtdxi,incongruent,1,0.709
lsygtdxi,incongruent,0,0.681
lsygtdxi,incongruent,1,0.807
lsygtdxi,congruent,1,0.681
lsygtdxi,incongruent,0,1.111
lsygtdxi,incongruent,0,0.594
lsygtdxi,congruent,1,0.629
lsygtdxi,incongruent,0,0.727
lsygtdxi,congruent,1,0.968
lsygtdxi,incongruent,0,0.54
lsygtdxi,incongruent,0,0.581
lsygtdxi,incongruent,0,0.658
lsygtdxi,incongruent,1,0.662
lsygtdxi,incongruent,0,0.729
lsygtdxi,incongruent,0,0.0
lsygtdxi,incongruent,0,0.516
lsygtdxi,incongruent,1,0.482
lsygtdxi,incongruent,0,0.864
lsygtdxi,congruent,1,0.898
lsygtdxi,incongruent,1,0.96
lsygtdxi,incongruent,0,0.609
lsygtdxi,incongruent,0,0.667
lsygtdxi,congruent,1,0.653
lsygtdxi,incongruent,0,0.598
lywnsp1h,congruent,1,1.286
lywnsp1h,incongruent,1,1.439
lywnsp1h,incongruent,1,1.379
lywnsp1h,congruent,0,0.0
lywnsp1h,congruent,0,0.86
lywnsp1h,incongruent,1,0.903
lywnsp1h,incongruent,1,0.767
lywnsp1h,incongruent,0,0.787
lywnsp1h,congruent,1,0.821
lywnsp1h,incongruent,0,0.582
lywnsp1h,incongruent,0,0.69
lywnsp1h,congruent,1,1.317
lywnsp1h,incongruent,0,0.508
lywnsp1h,congruent,1,0.625
lywnsp1h,incongruent,0,0.479
lywnsp1h,incongruent,0,0.579
lywnsp1h,incongruent,0,0.618
lywnsp1h,incongruent,1,0.794
lywnsp1h,incongruent,0,0.621
lywnsp1h,incongruent,0,1.181
lywnsp1h,congruent,1,0.982
lywnsp1h,incongruent,0,0.767
lywnsp1h,congruent,0,0.972
lywnsp1h,incongruent,0,0.919
lywnsp1h,incongruent,0,0.554
lywnsp1h,incongruent,0,0.693
lywnsp1h,incongruent,1,0.784
lywnsp1h,incongruent,0,0.696
lywnsp1h,incongruent,0,0.559
lywnsp1h,incongruent,1,0.852
lywnsp1h,incongruent,1,1.163
lywnsp1h,incongruent,0,0.753
lywnsp1h,incongruent,1,0.704
lywnsp1h,incongruent,0,0.507
lywnsp1h,incongruent,0,0.809
lywnsp1h,incongruent,0,0.785
lywnsp1h,incongruent,0,0.585
lywnsp1h,incongruent,0,0.795
lywnsp1h,congruent,1,0.733
lywnsp1h,incongruent,0,0.675
lywnsp1h,incongruent,0,0.54
lywnsp1h,incongruent,0,1.226
lywnsp1h,incongruent,1,0.724
lywnsp1h,incongruent,0,0.611
lywnsp1h,incongruent,0,0.548
lywnsp1h,incongruent,0,0.838
lywnsp1h,incongruent,0,0.55
lywnsp1h,incongruent,0,0.546
lywnsp1h,incongruent,0,0.59
lywnsp1h,incongruent,0,0.862
lywnsp1h,congruent,1,1.325
lywnsp1h,incongruent,1,0.936
lywnsp1h,incongruent,0,0.494
lywnsp1h,incongruent,0,0.52
lywnsp1h,incongruent,1,0.766
lywnsp1h,incongruent,0,0.563
lywnsp1h,incongruent,0,0.537
lywnsp1h,incongruent,0,1.186
lywnsp1h,incongruent,0,0.888
lywnsp1h,incongruent,0,0.599
m1li0t26,incongruent,1,1.068
m1li0t26,incongruent,1,1.127
m1li0t26,incongruent,0,1.011
m1li0t26,incongruent,0,0.74
m1li0t26,incongruent,0,1.026
m1li0t26,incongruent,1,0.996
m1li0t26,congruent,1,1.215
m1li0t26,incongruent,0,0.862
m1li0t26,incongruent,0,0.758
m1li0t26,incongruent,1,0.862
m1li0t26,incongruent,1,1.033
m1li0t26,incongruent,0,0.62
m1li0t26,incongruent,0,0.77
m1li0t26,incongruent,0,0.622
m1li0t26,incongruent,1,1.148
m1li0t26,incongruent,1,0.922
m1li0t26,incongruent,0,1.026
m1li0t26,incongruent,0,1.124
m1li0t26,congruent,1,0.999
m1li0t26,incongruent,0,0.888
m1li0t26,incongruent,1,1.269
m1li0t26,incongruent,0,0.759
m1li0t26,incongruent,0,0.952
m1li0t26,incongruent,1,0.832
m1li0t26,incongruent,0,0.91
m1li0t26,incongruent,0,0.892
m1li0t26,incongruent,0,1.087
m1li0t26,incongruent,0,0.816
m1li0t26,congruent,1,0.74
m1li0t26,incongruent,1,0.839
m1li0t26,congruent,1,0.684
m1li0t26,congruent,0,0.8
m1li0t26,incongruent,0,1.013
m1li0t26,incongruent,0,0.775
m1li0t26,incongruent,0,0.67
m1li0t26,incongruent,0,0.877
m1li0t26,incongruent,0,1.073
m1li0t26,incongruent,1,0.831
m1li0t26,congruent,0,0.878
m1li0t26,incongruent,0,0.862
m1li0t26,incongruent,0,0.638
m1li0t26,incongruent,0,0.934
m1li0t26,incongruent,0,0.741
m1li0t26,incongruent,0,0.741
m1li0t26,congruent,0,0.771
m1li0t26,incongruent,0,0.787
m1li0t26,congruent,1,1.253
m1li0t26,incongruent,0,0.729
m1li0t26,incongruent,0,0.745
m1li0t26,incongruent,0,0.76
m1li0t26,incongruent,0,0.92
m1li0t26,incongruent,0,0.831
m1li0t26,incongruent,0,0.756
m1li0t26,incongruent,0,0.651
m1li0t26,incongruent,0,0.74
m1li0t26,incongruent,0,0.833
m1li0t26,incongruent,1,0.935
m1li0t26,congruent,1,0.966
m1li0t26,congruent,0,0.733
m1li0t26,incongruent,1,0.969
m4flbx2a,congruent,0,0.889
m4flbx2a,incongruent,0,0.807
m4flbx2a,incongruent,0,0.588
m4flbx2a,incongruent,1,0.925
m4flbx2a,incongruent,1,0.908
m4flbx2a,incongruent,1,0.885
m4flbx2a,incongruent,1,0.721
m4flbx2a,incongruent,0,0.824
m4flbx2a,incongruent,1,0.747
m4flbx2a,incongruent,1,0.783
m4flbx2a,incongruent,0,0.633
m4flbx2a,incongruent,1,0.712
m4flbx2a,incongruent,0,0.657
m4flbx2a,incongruent,0,0.532
m4flbx2a,incongruent,0,0.635
m4flbx2a,incongruent,1,0.825
m4flbx2a,incongruent,0,0.781
m4flbx2a,congruent,1,1.069
m4flbx2a,incongruent,1,1.236
m4flbx2a,incongruent,1,0.679
m4flbx2a,incongruent,0,0.612
m4flbx2a,incongruent,0,0.565
m4flbx2a,incongruent,0,0.601
m4flbx2a,incongruent,0,0.582
m4flbx2a,incongruent,0,0.56
m4flbx2a,incongruent,0,0.526
m4flbx2a,congruent,1,0.873
m4flbx2a,incongruent,1,1.033
m4flbx2a,incongruent,0,0.714
m4flbx2a,incongruent,0,0.593
m4flbx2a,incongruent,0,0.705
m4flbx2a,incongruent,1,1.082
m4flbx2a,incongruent,0,0.594
m4flbx2a,incongruent,0,0.743
m4flbx2a,incongruent,0,0.713
m4flbx2a,incongruent,0,0.836
m4flbx2a,congruent,0,0.721
m4flbx2a,congruent,0,0.913
m4flbx2a,congruent,0,0.805
m4flbx2a,congruent,0,0.873
m4flbx2a,incongruent,0,0.605
m4flbx2a,incongruent,0,0.586
m4flbx2a,incongruent,1,0.874
m4flbx2a,incongruent,0,0.534
m4flbx2a,incongruent,0,0.666
m4flbx2a,incongruent,0,0.539
m4flbx2a,incongruent,0,0.551
m4flbx2a,incongruent,0,0.571
m4flbx2a,congruent,0,0.957
m4flbx2a,incongruent,1,0.959
m4flbx2a,incongruent,0,0.62
m4flbx2a,incongruent,0,0.764
m4flbx2a,incongruent,0,0.593
m4flbx2a,incongruent,0,0.939
m4flbx2a,incongruent,0,0.648
m4flbx2a,congruent,0,1.042
m4flbx2a,incongruent,0,0.606
m4flbx2a,congruent,0,0.774
m4flbx2a,incongruent,0,0.611
m4flbx2a,incongruent,0,0.651
me3vus66,incongruent,0,0.0
me3vus66,incongruent,0,1.142
me3vus66,incongruent,1,1.032
me3vus66,incongruent,0,0.875
me3vus66,incongruent,1,0.547
me3vus66,incongruent,0,0.767
me3vus66,incongruent,0,1.126
me3vus66,incongruent,0,0.929
me3vus66,incongruent,1,0.68
me3vus66,congruent,1,0.952
me3vus66,incongruent,0,1.09
me3vus66,incongruent,0,0.986
me3vus66,incongruent,0,0.909
me3vus66,incongruent,0,0.566
me3vus66,incongruent,0,0.901
me3vus66,incongruent,0,0.801
me3vus66,congruent,1,0.651
me3vus66,incongruent,1,0.732
me3vus66,incongruent,0,0.777
me3vus66,incongruent,1,0.654
me3vus66,incongruent,0,0.87
me3vus66,incongruent,0,0.567
me3vus66,incongruent,0,0.431
me3vus66,incongruent,1,0.394
me3vus66,congruent,0,0.794
me3vus66,congruent,1,1.023
me3vus66,congruent,1,0.572
me3vus66,incongruent,0,0.908
me3vus66,incongruent,0,0.596
me3vus66,congruent,0,0.505
me3vus66,incongruent,0,0.541
me3vus66,incongruent,0,0.741
me3vus66,incongruent,0,0.88
me3vus66,incongruent,0,0.909
me3vus66,incongruent,0,0.711
me3vus66,incongruent,1,0.697
me3vus66,incongruent,0,0.802
me3vus66,incongruent,1,0.645
me3vus66,congruent,0,0.769
me3vus66,incongruent,0,0.814
me3vus66,incongruent,0,0.623
me3vus66,incongruent,0,0.724
me3vus66,incongruent,0,0.54
me3vus66,incongruent,1,0.66
me3vus66,incongruent,0,0.581
me3vus66,incongruent,0,0.961
me3vus66,incongruent,0,0.978
me3vus66,incongruent,0,0.922
me3vus66,incongruent,1,0.823
me3vus66,incongruent,1,0.689
me3vus66,congruent,1,0.797
me3vus66,incongruent,0,0.783
me3vus66,congruent,1,0.646
me3vus66,incongruent,0,0.822
me3vus66,congruent,1,0.561
me3vus66,incongruent,1,0.853
me3vus66,incongruent,0,0.609
me3vus66,incongruent,0,0.869
me3vus66,incongruent,0,0.642
me3vus66,incongruent,1,0.851
mrrtw7dc,congruent,0,0.0
mrrtw7dc,incongruent,0,0.0
mrrtw7dc,incongruent,0,0.685
mrrtw7dc,incongruent,0,0.77
mrrtw7dc,congruent,0,0.794
mrrtw7dc,incongruent,0,0.724
mrrtw7dc,congruent,1,0.649
mrrtw7dc,incongruent,1,0.617
mrrtw7dc,incongruent,0,0.589
mrrtw7dc,incongruent,0,0.701
mrrtw7dc,incongruent,1,0.904
mrrtw7dc,incongruent,0,0.85
mrrtw7dc,incongruent,0,0.782
mrrtw7dc,incongruent,1,0.672
mrrtw7dc,incongruent,0,0.663
mrrtw7dc,incongruent,0,0.767
mrrtw7dc,incongruent,0,0.707
mrrtw7dc,incongruent,0,0.764
mrrtw7dc,incongruent,0,0.703
mrrtw7dc,incongruent,0,0.739
mrrtw7dc,incongruent,0,0.548
mrrtw7dc,incongruent,1,0.556
mrrtw7dc,congruent,1,0.747
mrrtw7dc,incongruent,1,0.745
mrrtw7dc,incongruent,0,0.516
mrrtw7dc,incongruent,1,0.726
mrrtw7dc,incongruent,0,0.725
mrrtw7dc,incongruent,0,0.743
mrrtw7dc,incongruent,1,0.764
mrrtw7dc,incongruent,0,0.793
mrrtw7dc,incongruent,0,0.808
mrrtw7dc,congruent,1,0.668
mrrtw7dc,incongruent,0,0.692
mrrtw7dc,incongruent,0,0.902
mrrtw7dc,incongruent,1,0.801
mrrtw7dc,incongruent,0,0.902
mrrtw7dc,incongruent,0,0.658
mrrtw7dc,congruent,1,1.121
mrrtw7dc,incongruent,1,0.667
mrrtw7dc,incongruent,0,0.995
mrrtw7dc,congruent,0,0.858
mrrtw7dc,incongruent,1,0.726
mrrtw7dc,incongruent,0,0.915
mrrtw7dc,congruent,1,0.784
mrrtw7dc,incongruent,1,0.69
mrrtw7dc,incongruent,0,0.806
mrrtw7dc,incongruent,0,0.842
mrrtw7dc,incongruent,0,0.966
mrrtw7dc,congruent,1,0.883
mrrtw7dc,incongruent,1,0.751
mrrtw7dc,congruent,1,0.834
mrrtw7dc,incongruent,0,0.676
mrrtw7dc,incongruent,1,0.933
mrrtw7dc,incongruent,0,1.073
mrrtw7dc,incongruent,1,0.993
mrrtw7dc,incongruent,0,0.729
mrrtw7dc,incongruent,1,0.777
mrrtw7dc,incongruent,0,0.951
mrrtw7dc,incongruent,1,0.951
mrrtw7dc,incongruent,1,0.903
ndilgi0p,incongruent,0,1.073
ndilgi0p,incongruent,0,0.0
ndilgi0p,congruent,0,0.608
ndilgi0p,incongruent,0,0.727
ndilgi0p,incongruent,0,0.667
ndilgi0p,incongruent,0,0.471
ndilgi0p,incongruent,0,0.68
ndilgi0p,incongruent,0,0.448
ndilgi0p,congruent,0,0.948
ndilgi0p,incongruent,0,0.624
ndilgi0p,congruent,0,0.93
ndilgi0p,incongruent,0,0.603
ndilgi0p,incongruent,0,0.681
ndilgi0p,incongruent,0,0.607
ndilgi0p,incongruent,0,0.59
ndilgi0p,incongruent,0,0.615
ndilgi0p,incongruent,0,0.406
ndilgi0p,incongruent,0,0.493
ndilgi0p,incongruent,0,0.638
ndilgi0p,congruent,0,0.404
ndilgi0p,congruent,0,1.042
ndilgi0p,incongruent,0,0.453
ndilgi0p,incongruent,0,0.512
ndilgi0p,incongruent,1,0.747
ndilgi0p,incongruent,0,0.865
ndilgi0p,incongruent,0,0.478
ndilgi0p,incongruent,0,0.668
ndilgi0p,incongruent,0,0.547
ndilgi0p,congruent,0,0.445
ndilgi0p,congruent,0,0.722
ndilgi0p,incongruent,0,0.715
ndilgi0p,incongruent,0,0.849
ndilgi0p,incongruent,0,0.701
ndilgi0p,incongruent,1,0.718
ndilgi0p,incongruent,1,0.853
ndilgi0p,congruent,1,0.766
ndilgi0p,incongruent,0,0.529
ndilgi0p,incongruent,0,0.565
ndilgi0p,incongruent,0,0.704
ndilgi0p,incongruent,0,0.464
ndilgi0p,congruent,0,0.76
ndilgi0p,incongruent,1,0.777
ndilgi0p,incongruent,0,0.954
ndilgi0p,incongruent,0,0.837
ndilgi0p,incongruent,0,0.89
ndilgi0p,incongruent,0,0.715
ndilgi0p,incongruent,0,0.667
ndilgi0p,incongruent,0,0.716
ndilgi0p,congruent,1,0.941
ndilgi0p,incongruent,1,0.771
ndilgi0p,incongruent,0,0.665
ndilgi0p,incongruent,0,0.597
ndilgi0p,incongruent,0,0.698
ndilgi0p,incongruent,0,0.526
ndilgi0p,incongruent,0,0.822
ndilgi0p,incongruent,1,0.849
ndilgi0p,incongruent,0,0.917
ndilgi0p,incongruent,0,0.583
ndilgi0p,incongruent,0,0.781
ndilgi0p,incongruent,0,0.458
nowsyh8s,incongruent,0,1.273
nowsyh8s,incongruent,0,1.157
nowsyh8s,incongruent,0,1.133
nowsyh8s,congruent,0,0.883
nowsyh8s,incongruent,1,1.19
nowsyh8s,congruent,0,1.446
nowsyh8s,incongruent,0,0.69
nowsyh8s,incongruent,1,1.419
nowsyh8s,incongruent,0,0.713
nowsyh8s,congruent,0,0.666
nowsyh8s,incongruent,0,0.628
nowsyh8s,incongruent,0,0.891
nowsyh8s,incongruent,0,0.59
nowsyh8s,incongruent,0,0.931
nowsyh8s,incongruent,0,0.646
nowsyh8s,congruent,0,0.647
nowsyh8s,incongruent,0,0.66
nowsyh8s,congruent,0,0.725
nowsyh8s,incongruent,1,0.815
nowsyh8s,incongruent,0,0.651
nowsyh8s,incongruent,0,0.654
nowsyh8s,congruent,0,0.962
nowsyh8s,incongruent,0,0.533
nowsyh8s,incongruent,0,0.613
nowsyh8s,incongruent,0,0.551
nowsyh8s,incongruent,0,0.492
nowsyh8s,incongruent,0,0.776
nowsyh8s,incongruent,0,0.687
nowsyh8s,incongruent,0,0.527
nowsyh8s,incongruent,0,0.741
nowsyh8s,incongruent,0,0.486
nowsyh8s,incongruent,0,0.529
nowsyh8s,incongruent,0,0.599
nowsyh8s,congruent,1,0.676
nowsyh8s,congruent,0,0.539
nowsyh8s,incongruent,1,1.093
nowsyh8s,incongruent,0,0.601
nowsyh8s,incongruent,0,0.768
nowsyh8s,incongruent,0,0.603
nowsyh8s,incongruent,0,1.078
nowsyh8s,incongruent,0,0.503
nowsyh8s,incongruent,0,0.539
nowsyh8s,incongruent,0,0.473
nowsyh8s,incongruent,0,0.523
nowsyh8s,incongruent,0,0.451
nowsyh8s,incongruent,0,0.501
nowsyh8s,incongruent,0,0.614
nowsyh8s,congruent,0,0.513
nowsyh8s,incongruent,0,0.707
nowsyh8s,incongruent,1,1.283
nowsyh8s,incongruent,0,0.501
nowsyh8s,incongruent,0,0.568
nowsyh8s,incongruent,0,0.471
nowsyh8s,incongruent,0,0.645
nowsyh8s,incongruent,0,0.0
nowsyh8s,incongruent,0,0.682
nowsyh8s,incongruent,1,1.078
nowsyh8s,incongruent,0,0.508
nowsyh8s,incongruent,0,0.399
nowsyh8s,congruent,0,0.635
o7ayzt5k,congruent,0,1.094
o7ayzt5k,congruent,0,0.592
o7ayzt5k,incongruent,0,0.999
o7ayzt5k,incongruent,0,0.761
o7ayzt5k,incongruent,0,0.703
o7ayzt5k,incongruent,0,0.93
o7ayzt5k,incongruent,0,0.929
o7ayzt5k,incongruent,0,0.722
o7ayzt5k,incongruent,0,0.593
o7ayzt5k,incongruent,0,0.588
o7ayzt5k,incongruent,0,0.631
o7ayzt5k,incongruent,0,0.0
o7ayzt5k,incongruent,0,0.579
o7ayzt5k,incongruent,0,0.509
o7ayzt5k,incongruent,0,0.618
o7ayzt5k,incongruent,0,0.494
o7ayzt5k,incongruent,0,0.421
o7ayzt5k,incongruent,0,0.623
o7ayzt5k,incongruent,0,0.497
o7ayzt5k,incongruent,1,1.259
o7ayzt5k,incongruent,0,0.679
o7ayzt5k,congruent,0,0.583
o7ayzt5k,incongruent,0,0.622
o7ayzt5k,incongruent,0,0.48
o7ayzt5k,incongruent,0,0.671
o7ayzt5k,incongruent,0,0.523
o7ayzt5k,incongruent,1,0.959
o7ayzt5k,incongruent,0,0.745
o7ayzt5k,incongruent,0,0.612
o7ayzt5k,incongruent,0,0.61
o7ayzt5k,incongruent,0,0.624
o7ayzt5k,incongruent,1,0.933
o7ayzt5k,congruent,1,0.761
o7ayzt5k,congruent,1,0.74
o7ayzt5k,congruent,0,1.346
o7ayzt5k,incongruent,0,0.896
o7ayzt5k,incongruent,0,1.261
o7ayzt5k,incongruent,0,0.944
o7ayzt5k,incongruent,1,1.262
o7ayzt5k,incongruent,0,1.251
o7ayzt5k,incongruent,1,0.872
o7ayzt5k,incongruent,1,0.742
o7ayzt5k,incongruent,0,0.878
o7ayzt5k,congruent,0,0.888
o7ayzt5k,incongruent,0,0.0
o7ayzt5k,incongruent,0,0.891
o7ayzt5k,incongruent,1,1.016
o7ayzt5k,incongruent,0,0.942
o7ayzt5k,incongruent,0,0.823
o7ayzt5k,incongruent,0,0.799
o7ayzt5k,congruent,0,1.105
o7ayzt5k,incongruent,1,0.773
o7ayzt5k,incongruent,0,0.688
o7ayzt5k,congruent,1,0.999
o7ayzt5k,incongruent,0,0.815
o7ayzt5k,incongruent,0,0.0
o7ayzt5k,incongruent,0,0.814
o7ayzt5k,incongruent,0,0.619
o7ayzt5k,congruent,0,0.761
o7ayzt5k,incongruent,0,0.636
ohb4d08n,incongruent,0,0.0
ohb4d08n,incongruent,1,1.126
ohb4d08n,incongruent,0,0.923
ohb4d08n,incongruent,0,0.886
ohb4d08n,incongruent,0,1.136
ohb4d08n,incongruent,0,1.196
ohb4d08n,incongruent,0,0.975
ohb4d08n,incongruent,0,1.388
ohb4d08n,incongruent,1,0.967
ohb4d08n,incongruent,0,0.994
ohb4d08n,congruent,1,0.992
ohb4d08n,incongruent,1,0.895
ohb4d08n,incongruent,0,0.739
ohb4d08n,incongruent,1,0.904
ohb4d08n,incongruent,1,1.206
ohb4d08n,incongruent,0,0.0
ohb4d08n,incongruent,0,0.911
ohb4d08n,incongruent,1,0.874
ohb4d08n,incongruent,1,0.889
ohb4d08n,incongruent,0,0.837
ohb4d08n,incongruent,0,0.819
ohb4d08n,congruent,0,1.037
ohb4d08n,incongruent,0,0.798
ohb4d08n,incongruent,0,0.793
ohb4d08n,incongruent,0,0.757
ohb4d08n,incongruent,0,0.78
ohb4d08n,congruent,1,1.076
ohb4d08n,incongruent,0,0.778
ohb4d08n,incongruent,0,0.72
ohb4d08n,incongruent,0,0.995
ohb4d08n,incongruent,0,0.762
ohb4d08n,congruent,1,0.95
ohb4d08n,incongruent,0,0.751
ohb4d08n,congruent,0,1.422
ohb4d08n,incongruent,0,0.0
ohb4d08n,congruent,1,0.935
ohb4d08n,incongruent,1,1.055
ohb4d08n,congruent,0,1.035
ohb4d08n,congruent,1,1.09
ohb4d08n,congruent,0,1.018
ohb4d08n,incongruent,1,1.014
ohb4d08n,incongruent,0,0.784
ohb4d08n,incongruent,0,0.659
ohb4d08n,incongruent,0,0.743
ohb4d08n,incongruent,0,0.76
ohb4d08n,incongruent,0,1.132
ohb4d08n,incongruent,1,1.022
ohb4d08n,congruent,1,0.808
ohb4d08n,incongruent,0,0.74
ohb4d08n,incongruent,1,0.916
ohb4d08n,incongruent,0,0.698
ohb4d08n,incongruent,1,0.835
ohb4d08n,incongruent,0,0.714
ohb4d08n,incongruent,0,0.0
ohb4d08n,incongruent,1,1.487
ohb4d08n,incongruent,1,1.24
ohb4d08n,incongruent,0,0.0
ohb4d08n,incongruent,1,0.826
ohb4d08n,incongruent,0,0.743
ohb4d08n,incongruent,1,0.937
owhvk5gm,incongruent,0,1.207
owhvk5gm,incongruent,1,0.901
owhvk5gm,incongruent,0,0.629
owhvk5gm,congruent,1,0.611
owhvk5gm,incongruent,0,0.597
owhvk5gm,incongruent,0,0.731
owhvk5gm,incongruent,1,0.911
owhvk5gm,incongruent,0,0.86
owhvk5gm,incongruent,0,0.839
owhvk5gm,incongruent,1,0.67
owhvk5gm,incongruent,0,0.747
owhvk5gm,incongruent,0,0.698
owhvk5gm,incongruent,0,1.018
owhvk5gm,incongruent,0,0.915
owhvk5gm,incongruent,0,0.932
owhvk5gm,incongruent,0,0.828
owhvk5gm,incongruent,0,0.0
owhvk5gm,incongruent,0,0.667
owhvk5gm,incongruent,0,0.471
owhvk5gm,incongruent,0,0.494
owhvk5gm,incongruent,0,1.056
owhvk5gm,incongruent,0,0.449
owhvk5gm,congruent,1,0.478
owhvk5gm,incongruent,1,0.75
owhvk5gm,congruent,0,0.476
owhvk5gm,incongruent,0,0.664
owhvk5gm,incongruent,0,1.285
owhvk5gm,congruent,1,0.458
owhvk5gm,incongruent,0,0.521
owhvk5gm,congruent,1,0.44
owhvk5gm,incongruent,0,0.337
owhvk5gm,incongruent,0,1.134
owhvk5gm,incongruent,0,0.0
owhvk5gm,incongruent,0,0.549
owhvk5gm,incongruent,1,0.424
owhvk5gm,incongruent,0,1.34
owhvk5gm,incongruent,0,0.374
owhvk5gm,incongruent,0,0.269
owhvk5gm,incongruent,0,0.781
owhvk5gm,incongruent,1,0.928
owhvk5gm,incongruent,0,0.353
owhvk5gm,congruent,0,0.399
owhvk5gm,incongruent,0,0.855
owhvk5gm,incongruent,1,0.941
owhvk5gm,incongruent,1,0.95
owhvk5gm,congruent,1,0.645
owhvk5gm,incongruent,0,0.34
owhvk5gm,congruent,1,0.521
owhvk5gm,incongruent,0,0.677
owhvk5gm,incongruent,0,0.621
owhvk5gm,congruent,1,0.314
owhvk5gm,incongruent,0,0.252
owhvk5gm,incongruent,0,0.284
owhvk5gm,incongruent,0,0.366
owhvk5gm,incongruent,0,0.263
owhvk5gm,incongruent,0,0.506
owhvk5gm,congruent,1,0.304
owhvk5gm,incongruent,0,0.311
owhvk5gm,incongruent,0,0.352
owhvk5gm,incongruent,0,0.468
q625qbr0,incongruent,0,0.991
q625qbr0,incongruent,1,0.841
q625qbr0,incongruent,0,0.703
q625qbr0,congruent,1,0.929
q625qbr0,incongruent,0,0.0
q625qbr0,incongruent,0,0.774
q625qbr0,incongruent,0,0.72
q625qbr0,incongruent,0,0.677
q625qbr0,incongruent,1,0.618
q625qbr0,congruent,1,0.603
q625qbr0,incongruent,1,0.807
q625qbr0,incongruent,0,0.666
q625qbr0,incongruent,0,0.68
q625qbr0,incongruent,0,0.6
q625qbr0,incongruent,0,0.727
q625qbr0,incongruent,0,0.595
q625qbr0,incongruent,1,0.799
q625qbr0,incongruent,0,0.802
q625qbr0,incongruent,0,0.72
q625qbr0,incongruent,0,0.717
q625qbr0,incongruent,0,0.702
q625qbr0,congruent,0,0.672
q625qbr0,incongruent,1,1.223
q625qbr0,incongruent,0,1.058
q625qbr0,congruent,1,0.881
q625qbr0,incongruent,0,0.676
q625qbr0,incongruent,0,0.594
q625qbr0,incongruent,0,0.527
q625qbr0,incongruent,0,0.62
q625qbr0,incongruent,1,0.847
q625qbr0,incongruent,1,0.92
q625qbr0,incongruent,0,0.557
q625qbr0,incongruent,1,0.793
q625qbr0,incongruent,0,0.655
q625qbr0,congruent,1,0.556
q625qbr0,incongruent,0,0.532
q625qbr0,congruent,1,0.701
q625qbr0,incongruent,0,0.583
q625qbr0,incongruent,0,0.474
q625qbr0,incongruent,0,0.493
q625qbr0,incongruent,0,0.67
q625qbr0,incongruent,1,0.681
q625qbr0,congruent,1,0.608
q625qbr0,congruent,1,0.516
q625qbr0,incongruent,1,0.61
q625qbr0,incongruent,1,0.788
q625qbr0,incongruent,0,0.636
q625qbr0,incongruent,0,0.675
q625qbr0,incongruent,1,1.015
q625qbr0,incongruent,0,1.221
q625qbr0,congruent,0,0.91
q625qbr0,incongruent,0,0.768
q625qbr0,incongruent,0,0.898
q625qbr0,incongruent,1,0.657
q625qbr0,incongruent,1,0.684
q625qbr0,incongruent,1,0.526
q625qbr0,incongruent,1,0.523
q625qbr0,congruent,1,0.409
q625qbr0,incongruent,0,0.506
q625qbr0,incongruent,1,0.61
qcjqoncl,incongruent,0,0.0
qcjqoncl,congruent,0,0.0
qcjqoncl,incongruent,0,1.201
qcjqoncl,incongruent,0,0.0
qcjqoncl,incongruent,0,1.264
qcjqoncl,incongruent,0,0.0
qcjqoncl,incongruent,0,0.867
qcjqoncl,incongruent,0,1.039
qcjqoncl,incongruent,0,1.056
qcjqoncl,incongruent,1,1.133
qcjqoncl,incongruent,0,1.083
qcjqoncl,congruent,1,0.79
qcjqoncl,incongruent,0,0.902
qcjqoncl,incongruent,0,1.077
qcjqoncl,incongruent,0,0.975
qcjqoncl,congruent,1,0.774
qcjqoncl,incongruent,0,0.884
qcjqoncl,congruent,0,1.13
qcjqoncl,incongruent,0,1.087
qcjqoncl,incongruent,0,0.83
qcjqoncl,congruent,1,0.9
qcjqoncl,incongruent,1,1.104
qcjqoncl,incongruent,0,0.693
qcjqoncl,incongruent,0,1.03
qcjqoncl,incongruent,1,0.899
qcjqoncl,incongruent,0,0.663
qcjqoncl,incongruent,0,0.685
qcjqoncl,incongruent,0,0.541
qcjqoncl,congruent,1,0.677
qcjqoncl,incongruent,0,0.514
qcjqoncl,incongruent,0,1.281
qcjqoncl,incongruent,0,0.464
qcjqoncl,incongruent,1,0.662
qcjqoncl,incongruent,0,0.463
qcjqoncl,incongruent,1,0.499
qcjqoncl,incongruent,0,0.725
qcjqoncl,incongruent,0,0.695
qcjqoncl,incongruent,0,0.756
qcjqoncl,incongruent,0,0.533
qcjqoncl,incongruent,0,0.429
qcjqoncl,incongruent,0,0.455
qcjqoncl,congruent,0,0.597
qcjqoncl,incongruent,0,0.27
qcjqoncl,incongruent,0,0.528
qcjqoncl,incongruent,0,0.718
qcjqoncl,incongruent,0,0.445
qcjqoncl,incongruent,1,0.595
qcjqoncl,incongruent,0,0.445
qcjqoncl,congruent,1,0.555
qcjqoncl,incongruent,0,0.793
qcjqoncl,congruent,0,0.817
qcjqoncl,incongruent,1,0.973
qcjqoncl,incongruent,1,1.154
qcjqoncl,incongruent,0,0.925
qcjqoncl,congruent,1,0.763
qcjqoncl,incongruent,0,0.805
qcjqoncl,incongruent,1,0.409
qcjqoncl,incongruent,0,0.596
qcjqoncl,incongruent,0,0.85
qcjqoncl,incongruent,0,1.071
qr0fbbm2,congruent,0,0.983
qr0fbbm2,congruent,0,0.0
qr0fbbm2,incongruent,0,0.883
qr0fbbm2,congruent,0,0.0
qr0fbbm2,incongruent,1,1.313
qr0fbbm2,incongruent,0,0.937
qr0fbbm2,incongruent,0,0.853
qr0fbbm2,incongruent,1,0.976
qr0fbbm2,incongruent,0,1.055
qr0fbbm2,incongruent,0,0.819
qr0fbbm2,incongruent,0,0.766
qr0fbbm2,incongruent,0,0.767
qr0fbbm2,incongruent,0,0.937
qr0fbbm2,incongruent,0,0.75
qr0fbbm2,incongruent,0,0.991
qr0fbbm2,incongruent,0,0.791
qr0fbbm2,incongruent,1,0.601
qr0fbbm2,congruent,1,0.729
qr0fbbm2,incongruent,0,0.69
qr0fbbm2,congruent,1,0.625
qr0fbbm2,incongruent,1,0.723
qr0fbbm2,incongruent,0,0.709
qr0fbbm2,congruent,0,0.793
qr0fbbm2,incongruent,0,0.701
qr0fbbm2,incongruent,0,0.71
qr0fbbm2,incongruent,0,0.619
qr0fbbm2,incongruent,0,0.586
qr0fbbm2,congruent,1,0.59
qr0fbbm2,incongruent,1,0.654
qr0fbbm2,congruent,1,0.702
qr0fbbm2,incongruent,0,0.583
qr0fbbm2,incongruent,1,0.465
qr0fbbm2,incongruent,1,0.659
qr0fbbm2,incongruent,1,0.563
qr0fbbm2,incongruent,0,0.685
qr0fbbm2,incongruent,0,0.684
qr0fbbm2,incongruent,0,0.721
qr0fbbm2,incongruent,0,0.576
qr0fbbm2,incongruent,0,0.825
qr0fbbm2,incongruent,1,0.536
qr0fbbm2,incongruent,1,0.591
qr0fbbm2,incongruent,0,0.638
qr0fbbm2,incongruent,1,0.542
qr0fbbm2,incongruent,0,0.631
qr0fbbm2,incongruent,0,0.587
qr0fbbm2,incongruent,0,0.657
qr0fbbm2,congruent,1,0.683
qr0fbbm2,incongruent,0,0.612
qr0fbbm2,incongruent,1,0.683
qr0fbbm2,incongruent,1,0.651
qr0fbbm2,incongruent,1,0.627
qr0fbbm2,incongruent,0,0.722
qr0fbbm2,incongruent,1,0.524
qr0fbbm2,incongruent,1,0.588
qr0fbbm2,incongruent,1,0.619
qr0fbbm2,incongruent,1,0.642
qr0fbbm2,incongruent,0,0.678
qr0fbbm2,incongruent,1,0.586
qr0fbbm2,incongruent,0,0.738
qr0fbbm2,congruent,1,0.683
qt59tsde,incongruent,1,0.999
qt59tsde,incongruent,1,0.648
qt59tsde,congruent,1,0.748
qt59tsde,incongruent,1,0.686
qt59tsde,incongruent,0,1.08
qt59tsde,incongruent,0,0.627
qt59tsde,incongruent,1,0.684
qt59tsde,incongruent,0,0.888
qt59tsde,congruent,1,0.767
qt59tsde,congruent,1,0.65
qt59tsde,incongruent,0,0.908
qt59tsde,incongruent,0,0.696
qt59tsde,congruent,1,0.697
qt59tsde,incongruent,0,0.789
qt59tsde,incongruent,1,0.846
qt59tsde,incongruent,0,0.68
qt59tsde,incongruent,0,0.646
qt59tsde,incongruent,0,0.747
qt59tsde,incongruent,0,0.774
qt59tsde,incongruent,0,0.503
qt59tsde,incongruent,1,0.709
qt59tsde,incongruent,1,0.672
qt59tsde,incongruent,0,0.611
qt59tsde,incongruent,0,0.602
qt59tsde,incongruent,1,0.534
qt59tsde,incongruent,0,0.829
qt59tsde,incongruent,0,0.558
qt59tsde,congruent,1,0.609
qt59tsde,congruent,1,0.587
qt59tsde,incongruent,0,0.557
qt59tsde,incongruent,1,0.899
qt59tsde,congruent,1,0.792
qt59tsde,incongruent,0,0.816
qt59tsde,incongruent,1,0.947
qt59tsde,incongruent,0,0.658
qt59tsde,incongruent,0,0.601
qt59tsde,incongruent,1,0.787
qt59tsde,incongruent,0,0.54
qt59tsde,incongruent,1,0.767
qt59tsde,incongruent,0,0.629
qt59tsde,incongruent,0,0.569
qt59tsde,incongruent,0,0.601
qt59tsde,incongruent,0,0.643
qt59tsde,congruent,1,0.708
qt59tsde,incongruent,0,0.63
qt59tsde,congruent,1,0.57
qt59tsde,incongruent,1,0.757
qt59tsde,incongruent,0,0.662
qt59tsde,incongruent,0,0.715
qt59tsde,congruent,1,0.637
qt59tsde,incongruent,0,0.791
qt59tsde,incongruent,1,0.836
qt59tsde,incongruent,0,0.492
qt59tsde,incongruent,0,0.534
qt59tsde,incongruent,1,0.741
qt59tsde,incongruent,0,0.87
qt59tsde,incongruent,1,0.737
qt59tsde,incongruent,0,0.749
qt59tsde,incongruent,1,0.783
qt59tsde,incongruent,0,0.742
wde5qwk2,incongruent,0,0.0
wde5qwk2,incongruent,0,1.432
wde5qwk2,incongruent,0,0.715
wde5qwk2,congruent,1,0.677
wde5qwk2,incongruent,0,0.471
wde5qwk2,incongruent,1,0.841
wde5qwk2,incongruent,0,0.606
wde5qwk2,incongruent,0,0.951
wde5qwk2,incongruent,0,0.501
wde5qwk2,incongruent,0,0.559
wde5qwk2,incongruent,1,0.591
wde5qwk2,incongruent,1,0.556
wde5qwk2,incongruent,0,0.568
wde5qwk2,incongruent,1,0.648
wde5qwk2,incongruent,0,0.541
wde5qwk2,incongruent,0,0.633
wde5qwk2,incongruent,1,0.673
wde5qwk2,incongruent,0,0.738
wde5qwk2,incongruent,1,0.582
wde5qwk2,incongruent,1,0.511
wde5qwk2,congruent,1,0.502
wde5qwk2,congruent,1,0.835
wde5qwk2,incongruent,1,0.576
wde5qwk2,incongruent,1,0.623
wde5qwk2,incongruent,0,0.644
wde5qwk2,incongruent,1,0.962
wde5qwk2,congruent,1,0.507
wde5qwk2,congruent,1,0.794
wde5qwk2,incongruent,1,0.504
wde5qwk2,incongruent,0,0.685
wde5qwk2,incongruent,0,0.534
wde5qwk2,incongruent,0,0.594
wde5qwk2,incongruent,0,0.708
wde5qwk2,congruent,1,0.776
wde5qwk2,incongruent,0,0.48
wde5qwk2,congruent,0,0.385
wde5qwk2,incongruent,0,0.531
wde5qwk2,incongruent,0,0.852
wde5qwk2,congruent,0,0.666
wde5qwk2,incongruent,0,0.583
wde5qwk2,congruent,1,0.52
wde5qwk2,incongruent,0,0.484
wde5qwk2,incongruent,0,0.38
wde5qwk2,incongruent,0,0.64
wde5qwk2,incongruent,0,0.533
wde5qwk2,incongruent,0,0.429
wde5qwk2,incongruent,0,0.557
wde5qwk2,incongruent,1,0.898
wde5qwk2,incongruent,0,0.455
wde5qwk2,incongruent,0,0.694
wde5qwk2,incongruent,0,0.385
wde5qwk2,incongruent,0,0.558
wde5qwk2,incongruent,1,0.433
wde5qwk2,incongruent,1,0.568
wde5qwk2,incongruent,0,0.506
wde5qwk2,incongruent,0,0.479
wde5qwk2,incongruent,0,0.519
wde5qwk2,congruent,1,0.507
wde5qwk2,incongruent,0,0.456
wde5qwk2,incongruent,0,0.474
wk835176,incongruent,0,0.0
wk835176,incongruent,1,1.417
wk835176,incongruent,0,1.266
wk835176,incongruent,0,1.154
wk835176,incongruent,0,1.409
wk835176,incongruent,0,1.666
wk835176,incongruent,0,1.053
wk835176,incongruent,0,1.195
wk835176,congruent,1,0.879
wk835176,incongruent,0,0.887
wk835176,incongruent,0,1.154
wk835176,incongruent,1,0.789
wk835176,incongruent,0,0.814
wk835176,incongruent,0,1.431
wk835176,incongruent,1,0.61
wk835176,congruent,0,0.0
wk835176,incongruent,0,0.948
wk835176,incongruent,0,0.0
wk835176,incongruent,0,1.35
wk835176,incongruent,1,0.822
wk835176,incongruent,0,0.742
wk835176,incongruent,1,0.585
wk835176,incongruent,1,0.645
wk835176,incongruent,1,1.287
wk835176,incongruent,1,0.817
wk835176,incongruent,1,1.056
wk835176,incongruent,0,0.578
wk835176,congruent,1,1.294
wk835176,incongruent,0,0.605
wk835176,congruent,1,0.901
wk835176,incongruent,0,0.61
wk835176,incongruent,0,0.654
wk835176,incongruent,0,1.015
wk835176,incongruent,0,0.0
wk835176,congruent,1,1.217
wk835176,congruent,0,0.738
wk835176,incongruent,0,0.55
wk835176,incongruent,1,0.658
wk835176,incongruent,0,0.722
wk835176,incongruent,0,0.982
wk835176,incongruent,1,0.734
wk835176,incongruent,0,0.76
wk835176,incongruent,0,1.597
wk835176,incongruent,1,1.086
wk835176,incongruent,0,1.142
wk835176,incongruent,0,0.682
wk835176,incongruent,0,0.892
wk835176,congruent,0,1.204
wk835176,incongruent,1,1.014
wk835176,incongruent,0,0.867
wk835176,incongruent,0,0.0
wk835176,congruent,0,1.225
wk835176,incongruent,0,0.647
wk835176,congruent,0,0.0
wk835176,incongruent,0,0.0
wk835176,incongruent,0,0.667
wk835176,incongruent,0,0.555
wk835176,congruent,0,0.639
wk835176,incongruent,0,0.641
wk835176,incongruent,0,0.665
x1w2s83x,incongruent,0,0.786
x1w2s83x,incongruent,1,0.637
x1w2s83x,incongruent,1,0.906
x1w2s83x,congruent,1,1.114
x1w2s83x,incongruent,0,0.799
x1w2s83x,congruent,1,0.818
x1w2s83x,incongruent,1,0.66
x1w2s83x,incongruent,0,0.77
x1w2s83x,incongruent,0,0.831
x1w2s83x,incongruent,0,0.872
x1w2s83x,congruent,1,0.9
x1w2s83x,incongruent,1,0.863
x1w2s83x,congruent,0,0.816
x1w2s83x,incongruent,0,0.802
x1w2s83x,incongruent,0,0.731
x1w2s83x,incongruent,1,0.868
x1w2s83x,incongruent,0,0.614
x1w2s83x,incongruent,1,0.884
x1w2s83x,incongruent,0,1.152
x1w2s83x,incongruent,1,0.727
x1w2s83x,congruent,1,0.87
x1w2s83x,incongruent,1,0.783
x1w2s83x,incongruent,0,0.788
x1w2s83x,incongruent,0,0.73
x1w2s83x,incongruent,1,0.708
x1w2s83x,incongruent,0,0.689
x1w2s83x,incongruent,0,0.89
x1w2s83x,incongruent,0,0.711
x1w2s83x,congruent,0,0.0
x1w2s83x,incongruent,0,0.762
x1w2s83x,incongruent,0,0.614
x1w2s83x,incongruent,1,0.829
x1w2s83x,incongruent,0,0.558
x1w2s83x,incongruent,0,0.559
x1w2s83x,incongruent,1,0.725
x1w2s83x,incongruent,1,0.588
x1w2s83x,congruent,0,0.515
x1w2s83x,incongruent,0,0.629
x1w2s83x,incongruent,0,0.731
x1w2s83x,incongruent,0,0.636
x1w2s83x,incongruent,0,0.679
x1w2s83x,incongruent,0,0.675
x1w2s83x,congruent,1,0.648
x1w2s83x,incongruent,1,0.713
x1w2s83x,incongruent,0,0.578
x1w2s83x,congruent,1,0.771
x1w2s83x,incongruent,0,0.811
x1w2s83x,incongruent,0,0.658
x1w2s83x,incongruent,0,0.567
x1w2s83x,incongruent,0,1.115
x1w2s83x,incongruent,1,0.604
x1w2s83x,incongruent,0,0.546
x1w2s83x,incongruent,0,0.608
x1w2s83x,incongruent,1,0.558
x1w2s83x,incongruent,0,0.538
x1w2s83x,incongruent,0,0.621
x1w2s83x,incongruent,0,0.565
x1w2s83x,incongruent,0,0.797
x1w2s83x,congruent,0,0.872
x1w2s83x,incongruent,0,0.634
ygvvbltk,incongruent,1,1.288
ygvvbltk,incongruent,1,1.017
ygvvbltk,incongruent,0,1.133
ygvvbltk,incongruent,0,1.15
ygvvbltk,incongruent,0,0.637
ygvvbltk,incongruent,0,0.54
ygvvbltk,incongruent,1,0.887
ygvvbltk,incongruent,0,0.577
ygvvbltk,incongruent,0,0.698
ygvvbltk,incongruent,0,0.822
ygvvbltk,incongruent,0,0.603
ygvvbltk,incongruent,1,0.83
ygvvbltk,incongruent,0,0.655
ygvvbltk,congruent,1,0.848
ygvvbltk,incongruent,0,0.973
ygvvbltk,incongruent,0,0.639
ygvvbltk,incongruent,0,0.648
ygvvbltk,incongruent,0,0.519
ygvvbltk,incongruent,0,0.585
ygvvbltk,incongruent,0,0.733
ygvvbltk,incongruent,1,0.746
ygvvbltk,incongruent,0,0.597
ygvvbltk,incongruent,0,0.836
ygvvbltk,congruent,0,0.789
ygvvbltk,congruent,0,0.635
ygvvbltk,incongruent,0,0.593
ygvvbltk,congruent,0,0.836
ygvvbltk,incongruent,0,0.504
ygvvbltk,incongruent,0,0.669
ygvvbltk,incongruent,0,0.528
ygvvbltk,congruent,0,0.438
ygvvbltk,incongruent,0,0.471
ygvvbltk,incongruent,0,0.593
ygvvbltk,incongruent,0,0.656
ygvvbltk,incongruent,0,0.52
ygvvbltk,incongruent,1,0.705
ygvvbltk,incongruent,0,0.531
ygvvbltk,incongruent,0,0.544
ygvvbltk,incongruent,0,0.56
ygvvbltk,congruent,0,0.461
ygvvbltk,incongruent,0,0.686
ygvvbltk,incongruent,0,0.517
ygvvbltk,incongruent,0,0.537
ygvvbltk,incongruent,0,0.456
ygvvbltk,congruent,0,0.589
ygvvbltk,incongruent,0,0.506
ygvvbltk,incongruent,0,0.451
ygvvbltk,incongruent,0,0.545
ygvvbltk,congruent,0,0.607
ygvvbltk,incongruent,0,0.471
ygvvbltk,incongruent,0,0.484
ygvvbltk,incongruent,0,0.474
ygvvbltk,incongruent,0,0.403
ygvvbltk,incongruent,0,0.616
ygvvbltk,incongruent,0,0.429
ygvvbltk,incongruent,0,0.438
ygvvbltk,incongruent,0,0.361
ygvvbltk,congruent,0,0.514
ygvvbltk,congruent,1,0.903
ygvvbltk,incongruent,0,0.503
z3y7jbmn,incongruent,0,0.93
z3y7jbmn,incongruent,0,0.959
z3y7jbmn,incongruent,0,0.71
z3y7jbmn,congruent,1,0.721
z3y7jbmn,incongruent,0,0.65
z3y7jbmn,incongruent,0,0.824
z3y7jbmn,incongruent,0,0.636
z3y7jbmn,incongruent,1,0.933
z3y7jbmn,congruent,1,0.813
z3y7jbmn,congruent,0,0.734
z3y7jbmn,incongruent,0,0.712
z3y7jbmn,incongruent,0,0.654
z3y7jbmn,incongruent,0,0.698
z3y7jbmn,incongruent,0,0.59
z3y7jbmn,congruent,0,1.244
z3y7jbmn,incongruent,0,0.598
z3y7jbmn,incongruent,1,0.921
z3y7jbmn,congruent,0,1.16
z3y7jbmn,incongruent,1,0.998
z3y7jbmn,congruent,0,0.787
z3y7jbmn,incongruent,0,0.728
z3y7jbmn,incongruent,0,0.676
z3y7jbmn,congruent,1,0.847
z3y7jbmn,incongruent,0,0.844
z3y7jbmn,incongruent,1,1.396
z3y7jbmn,incongruent,0,0.65
z3y7jbmn,incongruent,0,0.557
z3y7jbmn,incongruent,0,0.714
z3y7jbmn,incongruent,0,0.518
z3y7jbmn,incongruent,0,0.782
z3y7jbmn,incongruent,0,0.549
z3y7jbmn,incongruent,0,0.475
z3y7jbmn,incongruent,0,0.428
z3y7jbmn,incongruent,0,0.432
z3y7jbmn,congruent,0,0.45
z3y7jbmn,incongruent,0,0.571
z3y7jbmn,incongruent,0,0.481
z3y7jbmn,incongruent,0,0.502
z3y7jbmn,incongruent,0,0.591
z3y7jbmn,incongruent,0,0.448
z3y7jbmn,incongruent,1,0.618
z3y7jbmn,incongruent,0,0.516
z3y7jbmn,incongruent,0,0.445
z3y7jbmn,incongruent,0,0.475
z3y7jbmn,incongruent,1,0.742
z3y7jbmn,incongruent,1,0.698
z3y7jbmn,incongruent,0,0.632
z3y7jbmn,incongruent,0,0.684
z3y7jbmn,incongruent,0,0.495
z3y7jbmn,incongruent,0,0.564
z3y7jbmn,congruent,0,0.465
z3y7jbmn,incongruent,0,0.405
z3y7jbmn,incongruent,0,0.529
z3y7jbmn,incongruent,0,0.463
z3y7jbmn,congruent,0,0.501
z3y7jbmn,incongruent,0,0.504
z3y7jbmn,incongruent,0,0.515
z3y7jbmn,incongruent,0,0.519
z3y7jbmn,incongruent,0,0.505
z3y7jbmn,incongruent,0,0.389
z82uqnw4,incongruent,0,0.0
z82uqnw4,incongruent,0,0.871
z82uqnw4,congruent,0,0.647
z82uqnw4,incongruent,0,0.807
z82uqnw4,incongruent,0,0.517
z82uqnw4,congruent,1,0.733
z82uqnw4,incongruent,0,0.463
z82uqnw4,incongruent,0,0.547
z82uqnw4,incongruent,0,0.821
z82uqnw4,incongruent,1,0.992
z82uqnw4,incongruent,0,0.804
z82uqnw4,incongruent,0,0.724
z82uqnw4,incongruent,0,0.636
z82uqnw4,incongruent,0,0.952
z82uqnw4,incongruent,0,0.754
z82uqnw4,congruent,1,0.668
z82uqnw4,incongruent,1,0.742
z82uqnw4,incongruent,1,0.761
z82uqnw4,incongruent,0,0.698
z82uqnw4,congruent,1,0.902
z82uqnw4,incongruent,1,0.94
z82uqnw4,incongruent,0,0.578
z82uqnw4,incongruent,1,0.743
z82uqnw4,incongruent,0,0.609
z82uqnw4,incongruent,0,0.556
z82uqnw4,incongruent,0,0.421
z82uqnw4,incongruent,0,0.828
z82uqnw4,incongruent,1,0.73
z82uqnw4,congruent,0,1.052
z82uqnw4,incongruent,0,0.779
z82uqnw4,incongruent,0,0.881
z82uqnw4,incongruent,0,0.686
z82uqnw4,incongruent,0,0.937
z82uqnw4,incongruent,0,0.689
z82uqnw4,incongruent,1,0.614
z82uqnw4,incongruent,1,0.73
z82uqnw4,incongruent,0,0.45
z82uqnw4,incongruent,0,0.527
z82uqnw4,incongruent,1,0.783
z82uqnw4,incongruent,0,0.646
z82uqnw4,incongruent,0,0.499
z82uqnw4,incongruent,0,0.52
z82uqnw4,incongruent,0,0.412
z82uqnw4,incongruent,0,0.376
z82uqnw4,incongruent,0,0.469
z82uqnw4,incongruent,0,0.365
z82uqnw4,incongruent,0,0.556
z82uqnw4,incongruent,1,0.703
z82uqnw4,incongruent,0,0.546
z82uqnw4,incongruent,0,0.504
z82uqnw4,congruent,0,0.389
z82uqnw4,congruent,0,0.569
z82uqnw4,incongruent,0,0.575
z82uqnw4,incongruent,0,0.488
z82uqnw4,congruent,0,0.415
z82uqnw4,incongruent,0,0.622
z82uqnw4,incongruent,0,0.549
z82uqnw4,incongruent,0,0.475
z82uqnw4,congruent,0,0.423
z82uqnw4,congruent,0,0.0
zzzboj5f,incongruent,0,0.778
zzzboj5f,incongruent,0,0.687
zzzboj5f,incongruent,1,0.513
zzzboj5f,incongruent,0,0.566
zzzboj5f,incongruent,0,0.861
zzzboj5f,incongruent,0,0.763
zzzboj5f,incongruent,0,0.692
zzzboj5f,incongruent,1,0.742
zzzboj5f,incongruent,0,0.665
zzzboj5f,congruent,0,0.651
zzzboj5f,incongruent,0,0.631
zzzboj5f,incongruent,1,1.111
zzzboj5f,incongruent,0,0.623
zzzboj5f,congruent,1,0.593
zzzboj5f,incongruent,0,0.49
zzzboj5f,incongruent,0,0.495
zzzboj5f,incongruent,0,1.155
zzzboj5f,incongruent,0,0.64
zzzboj5f,congruent,1,0.569
zzzboj5f,incongruent,0,0.548
zzzboj5f,congruent,0,0.807
zzzboj5f,congruent,0,0.685
zzzboj5f,incongruent,1,0.786
zzzboj5f,incongruent,0,1.017
zzzboj5f,incongruent,0,0.998
zzzboj5f,incongruent,0,0.75
zzzboj5f,incongruent,0,1.01
zzzboj5f,congruent,1,0.69
zzzboj5f,congruent,1,0.846
zzzboj5f,incongruent,0,0.568
zzzboj5f,incongruent,1,0.67
zzzboj5f,congruent,1,0.899
zzzboj5f,incongruent,0,0.609
zzzboj5f,incongruent,1,0.619
zzzboj5f,incongruent,0,0.507
zzzboj5f,incongruent,1,0.571
zzzboj5f,incongruent,0,0.595
zzzboj5f,incongruent,0,0.617
zzzboj5f,incongruent,1,0.573
zzzboj5f,incongruent,0,0.709
zzzboj5f,incongruent,0,0.589
zzzboj5f,congruent,0,0.898
zzzboj5f,incongruent,0,1.023
zzzboj5f,incongruent,0,0.65
zzzboj5f,incongruent,0,0.644
zzzboj5f,incongruent,0,0.768
zzzboj5f,incongruent,0,0.99
zzzboj5f,incongruent,1,0.644
zzzboj5f,congruent,0,0.636
zzzboj5f,incongruent,0,0.739
zzzboj5f,incongruent,1,0.656
zzzboj5f,incongruent,0,0.636
zzzboj5f,incongruent,0,1.152
zzzboj5f,incongruent,1,0.706
zzzboj5f,incongruent,0,0.629
zzzboj5f,incongruent,1,0.702
zzzboj5f,incongruent,0,0.568
zzzboj5f,incongruent,1,0.533
zzzboj5f,incongruent,0,0.643
zzzboj5f,incongruent,0,0.554
